Country or Area,Year,Value,Value Footnotes
Afghanistan,2012,-0.62110794913849,
Afghanistan,2011,-0.626409395980503,
Afghanistan,2010,1.49556676873257,
Afghanistan,2009,0.281700159017001,
Afghanistan,2008,-2.31424986558664,
Afghanistan,2007,-1.73123021368973,
Afghanistan,2006,-2.0278600964814,
Albania,2004,-2.85326430660525,
Albania,2003,-2.64266584065658,
Albania,2002,-6.50962847143426,
Albania,1998,-6.57927533610773,
Albania,1997,-9.73163612647738,
Albania,1996,-8.32711777262133,
Albania,1995,-8.90831843919014,
Algeria,2011,-0.284184314100244,
Algeria,2010,0.407202933722431,
Algeria,2009,-4.49177453374892,
Algeria,2008,9.27913358050585,
Algeria,2007,4.97493479659926,
Algeria,2006,13.1805222707846,
Angola,2012,6.6614457657935,
Angola,2011,11.4431362257832,
Angola,2010,0.859708441244577,
Angola,2009,-10.9819021386584,
Angola,2008,7.21600298768208,
Angola,2007,14.6525294209715,
Angola,2006,24.3139391971633,
Angola,2005,0.899323738177237,
Angola,2004,12.7438357380818,
Angola,2003,-12.1901059512494,
Angola,2002,1.67339000818026,
Angola,2001,10.4185082723017,
Angola,2000,26.2691041378438,
Angola,1999,4.2833315240813,
Antigua and Barbuda,2012,-1.34041441063546,
Antigua and Barbuda,2011,-4.34643000759544,
Antigua and Barbuda,2010,-1.38292944509238,
Antigua and Barbuda,2009,-10.9998808832324,
Antigua and Barbuda,2008,-6.07502585459533,
Antigua and Barbuda,2007,-5.75411563623613,
Antigua and Barbuda,2006,-7.00841339145966,
Antigua and Barbuda,2005,15.7042004484294,
Antigua and Barbuda,2004,-2.69216003419579,
Antigua and Barbuda,2003,-5.54676118089046,
Antigua and Barbuda,2002,-10.2315401693867,
Antigua and Barbuda,2001,-9.76466207089336,
Antigua and Barbuda,2000,-5.3251754354713,
Argentina,2004,-0.385026301859219,
Argentina,2003,-2.82936804297577,
Argentina,2002,-5.70628319150298,
Armenia,2012,-1.3910221501214,
Armenia,2011,-2.76440681102449,
Armenia,2010,-4.96766177398105,
Armenia,2009,-7.6008153669647,
Armenia,2008,-0.542749555115262,
Armenia,2007,-0.566883682178302,
Armenia,2006,-0.300422797422082,
Armenia,2005,-1.00431858662669,
Armenia,2004,-0.848435545377766,
Armenia,2003,-0.739865922211696,
Australia,2012,-3.03811487418248,
Australia,2011,-3.67755431096021,
Australia,2010,-4.0344918335421,
Australia,2009,-2.43467395399635,
Australia,2008,1.90627805658754,
Australia,2007,1.63031679036787,
Australia,2006,1.72600724672535,
Australia,2005,1.25330838065271,
Australia,2004,0.825464991440095,
Australia,2003,0.848298844920133,
Australia,2002,-0.430926937512276,
Australia,2001,0.835702385594272,
Australia,2000,2.01487929489818,
Australia,1999,0.553302970456652,
Austria,2012,-2.36181923129909,
Austria,2011,-2.09884830323155,
Austria,2010,-3.17118608983647,
Austria,2009,-3.01394815443253,
Austria,2008,-1.05565573164014,
Austria,2007,-1.07796118887794,
Austria,2006,-1.54028099880666,
Austria,2005,-1.92157758627845,
Austria,2004,-4.63539885302582,
Austria,2003,-1.78084599427184,
Austria,2002,-1.36617459712147,
Austria,2001,-0.842065519680757,
Austria,2000,-1.93546223406526,
Austria,1999,-2.56704042851602,
Austria,1998,-2.91095970856087,
Austria,1997,-2.64783492300184,
Austria,1996,-4.21752150079502,
Austria,1995,-5.40830487339038,
Azerbaijan,2012,6.05556070006482,
Azerbaijan,2011,12.8562651203871,
Azerbaijan,2010,15.4463675968445,
Azerbaijan,2009,7.57046753648021,
Azerbaijan,2008,19.5663872915898,
Azerbaijan,1999,-4.66623753668796,
Azerbaijan,1998,-4.94163842563259,
Azerbaijan,1997,-3.96762794939017,
Azerbaijan,1996,-2.36301891211429,
Azerbaijan,1995,-3.13139938138532,
Azerbaijan,1994,-11.1673135342564,
Bahamas, The,2012,-4.10642093540932,
Bahamas, The,2011,-3.66575620266802,
Bahamas, The,2010,-3.26181668306029,
Bahamas, The,2009,-3.13102109605366,
Bahamas, The,2008,-1.05681701054368,
Bahamas, The,2007,-0.965753559684366,
Bahamas, The,2006,-0.550668701419154,
Bahamas, The,2005,-1.41572614959704,
Bahamas, The,2004,-2.46016125647041,
Bahamas, The,2003,-2.38440698560736,
Bahamas, The,2002,-1.85794875421026,
Bahamas, The,2001,-0.54782740398404,
Bahamas, The,2000,0.307148799409313,
Bahamas, The,1999,-0.254635735847276,
Bahamas, The,1998,-0.857397856066397,
Bahamas, The,1997,-2.01146152712725,
Bahamas, The,1996,-0.919922416181768,
Bahamas, The,1995,0.326625838436862,
Bahamas, The,1994,0.135010739490641,
Bahamas, The,1993,-1.63324708926261,
Bahamas, The,1992,-1.83017047282084,
Bahamas, The,1991,-2.51031769500765,
Bahamas, The,1990,-1.8603916614024,
Bahrain,2011,-0.534621343078292,
Bahrain,2010,-4.77948819789433,
Bahrain,2009,-4.37704425741208,
Bahrain,2008,5.48261198329625,
Bahrain,2007,3.36368353295033,
Bangladesh,2011,-0.805802481861239,
Bangladesh,2010,-0.813674182832758,
Bangladesh,2009,-1.44315774648766,
Bangladesh,2008,-0.829757737693226,
Bangladesh,2007,-1.14512894423187,
Bangladesh,2006,-1.2407973930308,
Bangladesh,2005,-0.970706746206338,
Bangladesh,2004,-0.631122062959504,
Bangladesh,2003,-0.104760791937993,
Bangladesh,2002,-0.151864704257727,
Bangladesh,2001,-0.570927482606054,
Barbados,2010,-7.96008213924193,
Barbados,2009,-5.72019770751847,
Barbados,2008,-4.48105625680087,
Barbados,2007,-7.80196880983282,
Belarus,2012,0.0884953960126745,
Belarus,2011,1.72645702938204,
Belarus,2010,-1.50065169921411,
Belarus,2009,0.219965068952622,
Belarus,2008,2.37262158951174,
Belarus,2007,0.431508710414109,
Belarus,2006,1.46858342059117,
Belarus,2005,0.224817150295618,
Belarus,2004,-0.135392204321509,
Belarus,2003,-1.05605448409399,
Belarus,2002,1.13151964741395,
Belarus,2001,-0.826928004099411,
Belarus,2000,0.0690840613983227,
Belarus,1999,-1.90498964050228,
Belarus,1998,-0.944384415485278,
Belarus,1997,-1.06932337340911,
Belarus,1996,-1.83559981484493,
Belarus,1995,-2.65266147512492,
Belarus,1994,-1.82654047613695,
Belarus,1993,-3.58259245727276,
Belarus,1992,-4.75932936722553,
Belgium,2012,-3.46823951299814,
Belgium,2011,-3.41518497558664,
Belgium,2010,-3.09897278719989,
Belgium,2009,-4.84216606663369,
Belgium,2008,-1.20112880422231,
Belgium,2007,-0.619876024795041,
Belgium,2006,0.191649764179761,
Belgium,2005,-2.67989715571268,
Belgium,2004,-0.224764292441605,
Belgium,2003,-0.0364916954821155,
Belgium,2002,0.206435634549196,
Belgium,2001,-0.266611884263378,
Belgium,2000,0.0185943595815299,
Belgium,1999,-0.967327662961641,
Belgium,1998,-1.27021061816689,
Belgium,1997,-2.1326469478776,
Belgium,1996,-3.64224827963825,
Belgium,1995,-3.82032362949676,
Belize,2012,-0.19855549448165,
Belize,2011,-1.44713644656079,
Belize,2010,-1.22123224853357,
Belize,2009,-1.21473592368043,
Belize,2008,0.3785916107124,
Belize,2007,-0.620126783111491,
Belize,2006,-4.13214705930791,
Belize,2005,-3.39772107893833,
Belize,2004,-9.52502717776622,
Belize,2003,-7.99025597011158,
Belize,2002,-7.01969085955214,
Belize,2001,-10.3756907439805,
Belize,2000,-5.74229035166817,
Belize,1999,-3.48904188870446,
Belize,1998,-1.65023292773575,
Belize,1997,-1.26429593727038,
Belize,1996,-1.98426142069188,
Belize,1995,-3.49603064681768,
Belize,1994,-6.60436097377196,
Belize,1993,-7.8710568008966,
Belize,1992,-7.46018913286025,
Belize,1991,-5.60733898744324,
Belize,1990,-0.614574506718315,
Benin,2012,1.7035813842757,
Benin,2011,2.73928366939328,
Benin,2010,2.06404029939383,
Benin,2009,-1.03817619272458,
Benin,2008,2.55720559622959,
Benin,2007,8.98202038713207,
Benin,2006,2.43257371038831,
Benin,2005,-0.617230319562982,
Benin,2004,0.919197986664071,
Benin,2003,-1.83371924087279,
Benin,2002,-0.0691435470518171,
Benin,2001,0.648028974069642,
Bhutan,2009,0.500463893108574,
Bhutan,2008,-1.38584685079643,
Bhutan,2007,2.46223749864578,
Bhutan,2006,1.32243772092106,
Bhutan,2005,-0.986881712344777,
Bhutan,2004,2.01829774698405,
Bhutan,2003,-9.83685839376391,
Bhutan,2002,-3.65328562119822,
Bhutan,2001,-9.02951798048648,
Bhutan,2000,-2.40527719945676,
Bhutan,1999,-2.02009767186099,
Bhutan,1998,2.32045346340365,
Bhutan,1997,0.193405096909123,
Bhutan,1996,3.02119624724789,
Bhutan,1995,-0.0508749276736591,
Bhutan,1994,2.72511796317597,
Bhutan,1993,6.74385595614444,
Bhutan,1992,-2.23979676428745,
Bhutan,1991,-0.0510020818698081,
Bhutan,1990,-5.83128124050345,
Bolivia,2007,1.24212165587278,
Bolivia,2006,12.1637589541525,
Bolivia,2005,-3.69020121123055,
Bolivia,2004,-5.38892642190151,
Bolivia,2003,-7.56543064617213,
Bolivia,2002,-8.71141038378293,
Bosnia and Herzegovina,2012,-1.60222401831569,
Bosnia and Herzegovina,2011,-1.16396191328087,
Bosnia and Herzegovina,2010,-2.23193219835981,
Bosnia and Herzegovina,2009,-4.26645410119116,
Bosnia and Herzegovina,2008,-1.63946423000518,
Bosnia and Herzegovina,2007,0.936601674495112,
Bosnia and Herzegovina,2006,2.81451133971735,
Bosnia and Herzegovina,2005,2.06679456413768,
Bosnia and Herzegovina,2004,1.54718896090922,
Bosnia and Herzegovina,2003,0.656227133150802,
Botswana,2012,1.3535105457004,
Botswana,2011,-0.398989100176477,
Botswana,2010,-7.54224342014589,
Botswana,2009,-12.1246321779477,
Botswana,2008,-6.5476807312075,
Botswana,2007,5.21618514250982,
Botswana,2006,12.5473728198917,
Botswana,1996,9.76177326573544,
Botswana,1995,4.99382348904241,
Botswana,1994,3.56199604708516,
Botswana,1993,13.9380703262451,
Botswana,1992,15.8255124086924,
Botswana,1991,16.908070131418,
Botswana,1990,19.0847022623664,
Brazil,2012,-1.8396273106498,
Brazil,2011,-2.44543611726296,
Brazil,2010,-1.61855270184273,
Brazil,2009,-3.37740582426899,
Brazil,2008,-1.17939582700049,
Brazil,2007,-1.83173815628731,
Brazil,2006,-2.83689648178651,
Brazil,2005,-3.55355523548894,
Brazil,2004,-1.83878931688565,
Brazil,2003,-4.28760189610152,
Brazil,2002,-1.15635246631554,
Brazil,2001,-2.05715152951442,
Brazil,2000,-1.79919705587033,
Brazil,1999,-2.46226435300872,
Brazil,1998,-3.57297037458839,
Brazil,1997,-0.00695996918774543,
Brazil,1994,-2.66277280613003,
Brazil,1993,-6.9301095294061,
Brazil,1992,-2.1126021034285,
Brazil,1991,1.50796355561216,
Brazil,1990,-3.38547730208384,
Bulgaria,2012,-0.775519886976684,
Bulgaria,2011,-1.93801879662394,
Bulgaria,2010,-3.40253425172874,
Bulgaria,2009,-0.0916285776119845,
Bulgaria,2008,2.99450985415594,
Bulgaria,2007,3.21428546228571,
Bulgaria,2006,3.17594208334382,
Bulgaria,2005,3.19518063114966,
Bulgaria,2004,1.53191065562154,
Bulgaria,2003,0.184236050138375,
Bulgaria,2002,-0.520544109837727,
Bulgaria,2001,0.191084760678085,
Bulgaria,2000,-0.369945612861336,
Bulgaria,1999,0.387266996394831,
Bulgaria,1998,1.17646987339209,
Bulgaria,1997,-0.377813386570562,
Bulgaria,1996,-14.8467330159141,
Bulgaria,1995,-5.13326695995498,
Bulgaria,1994,-5.03557838660578,
Bulgaria,1993,-11.344931415189,
Bulgaria,1992,-4.89442231075697,
Bulgaria,1991,-3.35298452468681,
Bulgaria,1990,-5.04950364172318,
Burkina Faso,2012,-3.11245365402604,
Burkina Faso,2011,-2.29433991602707,
Burkina Faso,2010,-4.5439418379779,
Burkina Faso,2009,-4.67935088868414,
Burkina Faso,2008,-3.94763531802174,
Burkina Faso,2007,-5.41986661345759,
Burkina Faso,2006,-5.85679926068348,
Burkina Faso,2005,-5.39665840300131,
Burkina Faso,2004,-4.43562535389982,
Burkina Faso,2003,-2.02936382455206,
Burkina Faso,2002,-4.57973826085594,
Burundi,1999,-2.35796003513395,
Burundi,1998,-2.90182658670665,
Burundi,1996,-8.68719118206005,
Burundi,1995,-4.69013276925016,
Burundi,1994,-5.37435651269066,
Burundi,1993,-5.12724883382645,
Burundi,1992,-6.59264196378472,
Burundi,1991,-2.29591595956545,
Cambodia,2012,-4.3742162877053,
Cambodia,2011,-4.56400240900899,
Cambodia,2010,-3.52731085561876,
Cambodia,2009,-4.53768442498848,
Cambodia,2008,-0.308054055531325,
Cambodia,2007,-0.804518994179921,
Cambodia,2006,-1.71332627610035,
Cambodia,2005,0.0403526498975427,
Cambodia,2004,-2.15739179714712,
Cambodia,2003,-4.41959666125205,
Cambodia,2002,-3.38488832704487,
Cameroon,1999,0.124136886782295,
Cameroon,1998,1.46104012141561,
Cameroon,1995,0.248823123895243,
Cameroon,1994,-2.44032050651055,
Cameroon,1993,-1.46979156468471,
Cameroon,1992,-1.87055991134991,
Cameroon,1991,-4.54403921011233,
Cameroon,1990,-5.58577904701397,
Canada,2013,0.039181331943505,
Canada,2012,-0.248412540655779,
Canada,2011,-1.03812738204331,
Canada,2010,-1.77013237652886,
Canada,2009,-1.18729527053804,
Canada,2008,0.588709177666233,
Canada,2007,1.71933073631777,
Canada,2006,1.61212655976994,
Canada,2005,0.817531597564347,
Canada,2004,1.56875028303168,
Canada,2003,1.18054813000822,
Canada,2002,1.55205817699001,
Canada,2001,1.58358241572321,
Canada,2000,2.26113356268542,
Canada,1999,0.980990073314734,
Canada,1998,0.729238948256168,
Canada,1997,0.444431624538483,
Canada,1996,-2.21677095433452,
Canada,1995,-3.93505798739794,
Canada,1994,-4.65404839152589,
Canada,1993,-5.45986814870151,
Canada,1992,-5.00356085415639,
Canada,1991,-5.03844266317684,
Cape Verde,2012,-10.171032711158,
Cape Verde,2011,-7.62653770643202,
Cape Verde,2010,-8.15789020538305,
Cape Verde,2009,-3.54065881535273,
Cape Verde,2008,-1.71503050576764,
Cape Verde,2007,-0.653706181608714,
Cape Verde,2006,-4.34088899180555,
Cape Verde,2005,-4.76332531645383,
Caribbean small states,2010,-3.46518059470496,
Caribbean small states,2009,-5.40185761141194,
Caribbean small states,2008,-1.39483452030644,
Caribbean small states,2007,-1.59576925962652,
Caribbean small states,2006,-0.422341110311849,
Caribbean small states,2005,1.67934897864653,
Caribbean small states,2004,-1.16235122161901,
Caribbean small states,2003,-0.920372689789442,
Caribbean small states,2002,-2.05813526429579,
Caribbean small states,2001,-0.35129296296528,
Central African Republic,2012,0.661981219413394,
Central African Republic,2011,-6.62067582422769,
Central African Republic,2010,-9.02187578595399,
Central African Republic,2009,-6.13606310656169,
Central African Republic,2008,-0.967720118131997,
Chile,2012,0.545375912806341,
Chile,2011,1.29226372670899,
Chile,2010,-0.424083875475612,
Chile,2009,-4.2284571738189,
Chile,2008,4.51157836875357,
Chile,2007,8.35029625493816,
Chile,2006,7.29716345418139,
Chile,2005,4.33818608265259,
Chile,2004,2.02887517673026,
Chile,2003,-0.428234013753837,
Chile,2002,-1.1754022653123,
Colombia,2012,2.77503161206793,
Colombia,2011,-1.06925167851278,
Colombia,2010,-4.55288792565569,
Colombia,2009,-7.03871458663184,
Colombia,2008,-5.68238090179488,
Colombia,2003,-5.04967005952806,
Congo, Dem. Rep.,2010,2.44081766442534,
Congo, Dem. Rep.,2009,0.26464872694487,
Congo, Dem. Rep.,2008,-0.0647245611025552,
Congo, Dem. Rep.,2007,-0.653577702335649,
Congo, Dem. Rep.,2006,-0.87033612214794,
Congo, Dem. Rep.,2005,-0.603873206310684,
Congo, Dem. Rep.,2004,-0.638433892757705,
Congo, Dem. Rep.,2003,-0.336707751796375,
Congo, Dem. Rep.,2002,0.531207561195243,
Congo, Dem. Rep.,2001,-0.0137633410434195,
Congo, Dem. Rep.,2000,-0.936468855072738,
Congo, Dem. Rep.,1999,-5.57851219775267,
Congo, Dem. Rep.,1998,-2.83567405915649,
Congo, Dem. Rep.,1997,-0.786375009829688,
Congo, Dem. Rep.,1996,-0.322469283333424,
Congo, Dem. Rep.,1995,0.020180524885362,
Congo, Dem. Rep.,1994,-1.52485601195932,
Congo, Dem. Rep.,1993,-13.3207961862308,
Congo, Dem. Rep.,1992,-13.6257815442561,
Congo, Dem. Rep.,1991,-13.5633333333333,
Congo, Dem. Rep.,1990,-6.52189194247673,
Congo, Rep.,2008,27.9161625820604,
Congo, Rep.,2007,11.557739485193,
Congo, Rep.,2006,18.6545045267897,
Congo, Rep.,2005,9.62174810050768,
Congo, Rep.,2004,-3.22550120461764,
Congo, Rep.,2003,6.55159396156118,
Congo, Rep.,2002,-5.24296823991639,
Congo, Rep.,2001,-1.26890057584338,
Costa Rica,2012,-4.03911662615817,
Costa Rica,2011,-3.47699846345453,
Costa Rica,2010,-4.33034651264409,
Costa Rica,2009,-3.35984543600578,
Costa Rica,2008,-0.784482007911035,
Cote d'Ivoire,2012,-2.78677947788256,
Cote d'Ivoire,2011,-3.44943547710246,
Cote d'Ivoire,2010,-0.648460091630457,
Cote d'Ivoire,2009,1.63127013867492,
Cote d'Ivoire,2008,0.319965634345006,
Cote d'Ivoire,2007,0.0133332936753316,
Cote d'Ivoire,2006,-0.360553628162204,
Cote d'Ivoire,2005,-1.32493615283593,
Cote d'Ivoire,2004,-1.29095553578657,
Cote d'Ivoire,2003,-2.19194663070825,
Croatia,2012,-3.38322176023434,
Croatia,2011,-4.62858857983024,
Croatia,2010,-4.39938117491411,
Croatia,2009,-3.04206474381054,
Croatia,2008,-0.827473143793952,
Croatia,2007,-1.08591107939561,
Croatia,2006,-1.51713269731725,
Croatia,2005,-2.36466055494076,
Croatia,2004,-3.30669050647182,
Croatia,2003,-3.41023736750468,
Croatia,2002,-3.07851211860088,
Croatia,2001,-4.09377031852984,
Croatia,2000,-5.24392058580775,
Croatia,1999,-4.5281129091255,
Croatia,1998,0.0580353628831766,
Croatia,1997,-0.96541014860623,
Croatia,1996,-0.548950182476391,
Croatia,1995,-1.12813423535284,
Cyprus,2012,-5.8636523104552,
Cyprus,2011,-5.74185317810983,
Cyprus,2010,-4.78729933577927,
Cyprus,2009,-5.54194344720824,
Cyprus,2008,1.54029589436549,
Cyprus,2007,5.71117072850486,
Czech Republic,2012,-2.33059717679013,
Czech Republic,2011,-4.22589939861924,
Czech Republic,2010,-4.54815055754795,
Czech Republic,2009,-5.6820966350632,
Czech Republic,2008,-1.37382930387568,
Czech Republic,2007,-1.44156078353388,
Czech Republic,2006,-3.88180538451515,
Czech Republic,2005,-3.41282859398423,
Czech Republic,2004,-2.94275548206602,
Czech Republic,2003,-4.47064308646087,
Czech Republic,2002,-5.52684965494344,
Czech Republic,2001,-3.73421720004729,
Czech Republic,2000,-3.31100930191391,
Czech Republic,1999,-2.013766593662,
Czech Republic,1998,-1.98372341473182,
Czech Republic,1997,-1.55003478708716,
Czech Republic,1996,-1.11065627582585,
Czech Republic,1995,-0.870949266350867,
Czech Republic,1994,-1.14287994303643,
Czech Republic,1993,0.145085538991081,
Denmark,2012,-3.75320270905126,
Denmark,2011,-2.0379032662741,
Denmark,2010,-2.48508741839014,
Denmark,2009,-2.04752732155962,
Denmark,2008,3.60969699262384,
Denmark,2007,4.93639838460406,
Denmark,2006,5.35088277085873,
Denmark,2005,5.2358060354092,
Denmark,2004,1.86145423163775,
Denmark,2003,-0.0685574605481395,
Denmark,2002,0.287249755543438,
Denmark,2001,0.813108902055083,
Denmark,2000,1.54561869965755,
Denmark,1999,0.814887545196577,
Denmark,1998,-0.271250636600033,
Denmark,1997,-0.616771759548882,
Denmark,1996,-2.00280508518194,
Denmark,1995,-3.60806689545318,
Dominica,2012,-11.1007194244604,
Dominica,2011,-8.31755280407866,
Dominica,2010,-6.27347858752817,
Dominica,2009,-2.08611729769859,
Dominica,2008,-2.64612954186414,
Dominica,2007,-0.915371329879102,
Dominica,2006,0.549348230912477,
Dominica,2005,-1.5,
Dominica,2004,-4.16056006475057,
Dominica,2003,-3.59694610812018,
Dominica,2002,-6.75602682011037,
Dominica,2001,-7.72865679075299,
Dominica,2000,-5.17212649499544,
Dominican Republic,2011,-2.51471323920681,
Dominican Republic,2010,-2.79410079102289,
Dominican Republic,2009,-3.47838661200512,
Dominican Republic,2008,-3.63969394501708,
Dominican Republic,2007,0.2830037497317,
Dominican Republic,2006,-0.815311928588559,
Dominican Republic,2005,-0.499382480332518,
Dominican Republic,2004,-1.38774372500926,
East Asia & Pacific (all income levels),2011,-5.99410105776727,
East Asia & Pacific (all income levels),2010,-4.97935208381198,
East Asia & Pacific (all income levels),2009,-5.42083710674605,
East Asia & Pacific (all income levels),2008,-1.52454859541077,
East Asia & Pacific (all income levels),2007,-0.948394467063452,
East Asia & Pacific (all income levels),2006,-0.0980540615521977,
East Asia & Pacific (all income levels),2005,-2.34193586397591,
Ecuador,1994,0.0748987138084458,
Ecuador,1993,1.08298015853562,
Ecuador,1992,-0.270939908790568,
Ecuador,1991,0.989396904283093,
Ecuador,1990,1.96954130630352,
Egypt, Arab Rep.,2012,-10.6351634401777,
Egypt, Arab Rep.,2011,-10.0824593392167,
Egypt, Arab Rep.,2010,-7.73391347588264,
Egypt, Arab Rep.,2009,-6.56296296296296,
Egypt, Arab Rep.,2008,-6.36079061976549,
Egypt, Arab Rep.,2007,-4.55796186895811,
Egypt, Arab Rep.,2006,-7.16849604875999,
Egypt, Arab Rep.,2005,-6.44885796266985,
Egypt, Arab Rep.,2004,-5.61055014509081,
Egypt, Arab Rep.,2003,-5.81628742932907,
Egypt, Arab Rep.,2002,-6.74531533145823,
Egypt, Arab Rep.,1997,-1.62805566002256,
Egypt, Arab Rep.,1996,-1.40061028770706,
Egypt, Arab Rep.,1995,3.44166666666667,
Egypt, Arab Rep.,1994,3.004,
Egypt, Arab Rep.,1993,4.23260309278351,
Egypt, Arab Rep.,1992,-1.17469446441409,
Egypt, Arab Rep.,1991,2.47293340899029,
Egypt, Arab Rep.,1990,-1.9503275131944,
El Salvador,2012,-0.767901650023516,
El Salvador,2011,-2.22362058515925,
El Salvador,2010,-2.65380539071728,
El Salvador,2009,-5.07574657567397,
El Salvador,2008,0.332229014045075,
El Salvador,2007,0.835119796666484,
El Salvador,2006,-3.24192618068321,
El Salvador,2005,-4.37468555850659,
El Salvador,2004,-3.285796573049,
El Salvador,2003,-2.49822220154585,
El Salvador,2002,-4.73344656699309,
Equatorial Guinea,2009,-10.4190627081322,
Equatorial Guinea,2008,18.6977967143086,
Equatorial Guinea,2007,22.0052515903156,
Estonia,2012,-0.05046295508797,
Estonia,2011,0.972335678318438,
Estonia,2010,-0.02991345493606,
Estonia,2009,-1.45421623686184,
Estonia,2008,-2.23305675004542,
Estonia,2007,2.80892304092703,
Estonia,2006,2.60023672140849,
Estonia,2005,1.94756753876485,
Estonia,2004,2.07491964064947,
Estonia,2003,1.93481634764615,
Estonia,2002,0.920150523222847,
Estonia,2001,0.805629353055217,
Estonia,2000,0.19933554817292,
Estonia,1999,-3.01240731770912,
Estonia,1998,-0.216226939099584,
Estonia,1997,2.35490698451599,
Estonia,1996,0.145444566410538,
Estonia,1995,1.565543611572,
Ethiopia,2011,-1.34983977132917,
Ethiopia,2010,-2.73395742957001,
Ethiopia,2009,-2.22256639193444,
Ethiopia,2008,-1.92159243799749,
Ethiopia,2007,-2.75784058257854,
Ethiopia,2006,-4.20937145735768,
Ethiopia,2005,-4.47685107233889,
Ethiopia,2004,-3.32192896465615,
Ethiopia,2003,-5.51938348729906,
Ethiopia,2002,-7.45923964602809,
Ethiopia,2001,-4.20211360625551,
Ethiopia,1999,-4.20192256143945,
Ethiopia,1998,-3.05138792722592,
Ethiopia,1997,-1.13873890016201,
Ethiopia,1996,-1.64252082666699,
Ethiopia,1995,-3.10029780860782,
Ethiopia,1994,-5.18838514149935,
Ethiopia,1993,-3.75031590851327,
Ethiopia,1992,-4.73941012535846,
Ethiopia,1991,-5.8732967709587,
Ethiopia,1990,-6.59297182890342,
Euro area,2012,-3.37393372399412,
Euro area,2011,-3.19522567554629,
Euro area,2010,-5.03942557091564,
Euro area,2009,-5.32518051613146,
Euro area,2008,-1.67012293450406,
Euro area,2007,-0.662042994526287,
Euro area,2006,-1.05918134574425,
Euro area,2005,-1.9749130386563,
Euro area,2004,-2.21976131268243,
Euro area,2003,-2.32787919164659,
Euro area,2002,-1.84108993869463,
Euro area,2001,-1.34020120797223,
Euro area,2000,-0.00624660705585791,
Euro area,1999,-1.27946302374349,
Euro area,1998,-2.08984022940214,
Euro area,1997,-2.43054774245406,
Euro area,1996,-3.77980839731647,
Euro area,1995,-6.62884455965511,
Europe & Central Asia (all income levels),2012,-2.93723626409069,
Europe & Central Asia (all income levels),2011,-2.9199529142436,
Europe & Central Asia (all income levels),2010,-4.91397660547039,
Europe & Central Asia (all income levels),2009,-5.405859714504,
Europe & Central Asia (all income levels),2008,-1.18197153951254,
Europe & Central Asia (all income levels),2007,-0.156292126375295,
Europe & Central Asia (all income levels),2006,-0.432117887417773,
Europe & Central Asia (all income levels),2005,-1.10857508836673,
Europe & Central Asia (all income levels),2004,-1.67728536012435,
Europe & Central Asia (all income levels),2003,-2.05001424484201,
Europe & Central Asia (all income levels),2002,-1.27014912535514,
Europe & Central Asia (all income levels),2001,-0.632401423790612,
Europe & Central Asia (all income levels),2000,0.993116953924622,
Europe & Central Asia (all income levels),1999,-0.821228777768182,
Europe & Central Asia (all income levels),1998,-1.60375920964252,
Europe & Central Asia (all income levels),1997,-2.27974923928383,
Europe & Central Asia (all income levels),1996,-3.72746167008732,
Europe & Central Asia (all income levels),1995,-6.25676843117007,
Europe & Central Asia (developing only),2012,-1.3003151022851,
Europe & Central Asia (developing only),2011,-1.53422502881573,
Europe & Central Asia (developing only),2010,-3.65800837067948,
Europe & Central Asia (developing only),2009,-5.28687047769507,
Europe & Central Asia (developing only),2008,-1.27553888094451,
European Union,2012,-3.62629706091664,
European Union,2011,-3.74151231922968,
European Union,2010,-5.62288403258745,
European Union,2009,-5.99121215515871,
European Union,2008,-1.99334583274677,
European Union,2007,-0.833681812826798,
European Union,2006,-1.23900036906256,
European Union,2005,-1.97589325831367,
European Union,2004,-2.29955471355941,
European Union,2003,-2.52442326013411,
European Union,2002,-1.91441426489848,
European Union,2001,-0.938309099021284,
European Union,2000,0.698540811019744,
European Union,1999,-0.804819948613941,
European Union,1998,-1.59795407519624,
European Union,1997,-2.27549697503236,
European Union,1996,-3.72928652847585,
European Union,1995,-6.26412918386949,
Fiji,2006,-2.915544220144,
Fiji,2005,-3.28890175620509,
Fiji,2004,-0.0412332311493895,
Fiji,1996,-4.61579651941098,
Fiji,1995,-3.05640766537948,
Fiji,1994,-3.46954048795091,
Fiji,1993,-4.360499702558,
Fiji,1992,-2.65299917473831,
Fiji,1991,-3.2845249755142,
Fiji,1990,0.856565656565657,
Finland,2012,-1.04257906933676,
Finland,2011,-0.457156789540253,
Finland,2010,-2.48904329235703,
Finland,2009,-1.9328394898055,
Finland,2008,4.57124272756839,
Finland,2007,5.27965956352099,
Finland,2006,4.22966850892743,
Finland,2005,3.28614793140577,
Finland,2004,2.9575269597481,
Finland,2003,3.04745693380573,
Finland,2002,4.37456588148818,
Finland,2001,5.35527600268629,
Finland,2000,6.58589031344258,
Finland,1999,1.78691017388495,
Finland,1998,1.7976109385124,
Finland,1997,-0.781123011071177,
Finland,1996,-4.28669410150892,
Finland,1995,-7.26997848938674,
France,2012,-4.55947471140609,
France,2011,-5.06812076430449,
France,2010,-6.8035172713676,
France,2009,-7.04949982387983,
France,2008,-2.76548838840594,
France,2007,-2.27211449012422,
France,2006,-2.11776662510043,
France,2005,-2.70471755292673,
France,2004,-3.3558184666464,
France,2003,-4.0067471256927,
France,2002,-3.28704432592195,
France,2001,-1.67729597204248,
France,2000,-1.56803022682914,
France,1999,-1.97307264307511,
France,1998,-2.76432612881005,
France,1997,-3.34844149479242,
France,1996,-3.86337821200207,
France,1995,-5.03384989146646,
Gambia, The,2009,-4.66974927626075,
Gambia, The,2008,-4.35455395080986,
Gambia, The,2007,-1.57921477173945,
Gambia, The,2006,-8.40143178978101,
Gambia, The,2005,-9.11805412617768,
Gambia, The,2004,-10.0207239179922,
Gambia, The,2003,-8.95328331349868,
Gambia, The,2002,-8.03668276819301,
Gambia, The,2001,-6.76402548132848,
Gambia, The,1990,0.125685471147799,
Georgia,2012,-0.462409481672028,
Georgia,2011,-1.20727966552528,
Georgia,2010,-4.42840414478188,
Georgia,2009,-7.75658845768931,
Georgia,2008,-1.89621389624076,
Georgia,2007,0.762632028610376,
Georgia,2006,1.55548387035018,
Georgia,2005,1.52483197913424,
Georgia,2004,0.535407331688853,
Georgia,2003,-0.89326449148239,
Georgia,2002,-1.83743994454955,
Georgia,2001,0.20527425682066,
Georgia,2000,-1.61342184284249,
Georgia,1999,-2.20685678340939,
Georgia,1998,-2.78170336898925,
Georgia,1997,-4.29205589631113,
Germany,2012,0.138186843157933,
Germany,2011,-0.433848319810307,
Germany,2010,-3.07582426966641,
Germany,2009,-2.149259563798,
Germany,2008,-0.378417682426252,
Germany,2007,-0.318711132181458,
Germany,2006,-1.24341059325579,
Germany,2005,-2.25387541234736,
Germany,2004,-2.30333659672426,
Germany,2003,-2.14789923547056,
Germany,2002,-1.97799010098446,
Germany,2001,-1.48290388228647,
Germany,2000,1.32197776200615,
Germany,1999,-1.26199795325466,
Germany,1998,-1.68564694206674,
Germany,1997,-1.49288270175349,
Germany,1996,-2.12654997376228,
Germany,1995,-7.86381621234313,
Ghana,2011,-3.91787637176462,
Ghana,2010,-7.19989336455137,
Ghana,2009,-5.64658939036208,
Ghana,2008,-5.87382892671157,
Ghana,2007,-4.68737873010509,
Ghana,2006,-4.20493151364843,
Ghana,2005,-1.4088851418043,
Ghana,2004,-1.35987790893516,
Ghana,2003,-3.62242860619399,
Ghana,2002,-5.02091400270149,
Ghana,2001,-6.50663371043874,
Greece,2012,-9.35564049500602,
Greece,2011,-9.86465105734292,
Greece,2010,-10.3815222696119,
Greece,2009,-15.1724079837932,
Greece,2008,-9.49085920838874,
Greece,2007,-6.45016924285458,
Greece,2006,-5.67872726730187,
Greece,2005,-5.41745103129408,
Greece,2004,-6.9917534094836,
Greece,2003,-5.55185643349504,
Greece,2002,-4.66371117528233,
Greece,2001,-4.41550341081354,
Greece,2000,-3.58634859195425,
Greece,1999,-2.99364390836678,
Greece,1998,-3.65271009448036,
Greece,1997,-5.64201301172379,
Greece,1996,-6.3634405465527,
Greece,1995,-8.75955232285513,
Grenada,2012,-5.53703703703704,
Grenada,2011,-3.15889628924834,
Grenada,2010,-2.43515850144092,
Grenada,2009,-4.92315081652257,
Grenada,2008,-4.99103139013453,
Grenada,2007,-5.3173828125,
Grenada,2006,-5.19618239660657,
Grenada,2005,2.97736383247551,
Grenada,2004,-0.60582824076999,
Grenada,2003,-3.64092188142038,
Grenada,2002,-14.318912267154,
Grenada,2001,-6.58269613427789,
Grenada,2000,-2.1080822305903,
Grenada,1999,-3.50244107459965,
Guatemala,2012,-2.33110912735087,
Guatemala,2011,-2.74513681842366,
Guatemala,2010,-3.29845344120711,
Guatemala,2009,-3.14365665298233,
Guatemala,2008,-1.58320150605667,
Guatemala,2007,-1.43303495415648,
Guatemala,2006,-1.9567865782558,
Guatemala,2005,-1.71865748162269,
Guatemala,2004,-1.04622398328923,
Guatemala,2003,-2.59476764796968,
Guatemala,2002,-0.955147723049128,
Guatemala,2001,-1.93318310656439,
Guatemala,2000,-1.78064389684453,
Guatemala,1999,-1.63977358647326,
Guatemala,1998,-1.23920222433127,
Guatemala,1997,-0.682040357277387,
Guatemala,1996,-0.119293799100887,
Guatemala,1995,-0.468268536449625,
Guatemala,1994,-1.1747148533204,
Guatemala,1993,-0.6979411841798,
Guatemala,1992,0.235304279432417,
Guatemala,1991,0.0696794503646057,
Guatemala,1990,-1.91001924568915,
Guinea,1999,-2.38766167396324,
Guinea,1998,-4.25351000758886,
High income,2012,-5.1790228919144,
High income,2011,-5.60540163542505,
High income,2010,-6.68431015645544,
High income,2009,-7.00151891898419,
High income,2008,-2.65848419695281,
High income,2007,-0.994573541158338,
High income,2006,-0.869033875186231,
High income,2005,-1.93162887461761,
High income,2004,-2.27640720353494,
High income,2003,-2.64987554501648,
High income,2002,-1.73543622975831,
High income,2001,-0.182048751563849,
High income: OECD,2012,-5.49205396043758,
High income: OECD,2011,-5.92946465544685,
High income: OECD,2010,-6.89514471177638,
High income: OECD,2009,-7.21048806028053,
High income: OECD,2008,-2.90482467596475,
High income: OECD,2007,-1.28519432561423,
High income: OECD,2006,-1.12436522871503,
High income: OECD,2005,-2.29458679501118,
High income: OECD,2004,-2.55028545512775,
High income: OECD,2003,-2.77897991345675,
High income: OECD,2002,-1.91495847123011,
High income: OECD,2001,-0.190370590760547,
Honduras,2012,-3.22411655872741,
Honduras,2011,-2.56513692485867,
Honduras,2010,-2.98333366746189,
Honduras,2009,-4.45822691124398,
Honduras,2008,-0.213102359222154,
Honduras,2007,-1.0612603664045,
Honduras,2006,0.872784650585589,
Honduras,2005,-0.76403968500166,
Honduras,2004,-0.72351833964881,
Honduras,2003,-2.96601268747637,
Hong Kong SAR, China,2009,1.09296698197072,
Hong Kong SAR, China,2008,0.626300522346583,
Hong Kong SAR, China,2007,6.51398510742957,
Hong Kong SAR, China,2006,3.80290431176751,
Hong Kong SAR, China,2005,1.37388687262105,
Hong Kong SAR, China,2004,-0.977942198217243,
Hong Kong SAR, China,2003,-5.77009538709079,
Hong Kong SAR, China,2002,-6.68613726075103,
Hungary,2012,-2.59775191952026,
Hungary,2011,3.57076447885758,
Hungary,2010,-3.46732338678462,
Hungary,2009,-4.06125551033919,
Hungary,2008,-3.70602726985724,
Hungary,2007,-4.87408087982461,
Hungary,2006,-8.46321434487001,
Hungary,2005,-7.27915078835536,
Hungary,2004,-6.09625852543783,
Hungary,2003,-6.99358512662706,
Hungary,2002,-8.00221284596226,
Hungary,2001,-4.18507355714234,
Hungary,2000,-2.76987880915131,
Hungary,1999,-5.15066587714213,
Hungary,1998,-7.18439555455149,
Hungary,1997,-5.53310952129268,
Hungary,1996,-4.76870215614339,
Hungary,1995,-8.78615021383135,
Iceland,2012,-3.25519403506445,
Iceland,2011,-5.04446997987852,
Iceland,2010,-8.73910438190497,
Iceland,2009,-8.45667436006113,
Iceland,2008,-12.1000930065024,
Iceland,2007,4.56501349892616,
Iceland,2006,5.83830315374201,
Iceland,2005,4.64930956753541,
Iceland,2004,0.768774879194502,
Iceland,2003,-1.99903116203874,
Iceland,2002,-1.20599653549255,
Iceland,2001,-0.0584266588890808,
Iceland,2000,2.63440638571601,
Iceland,1999,2.69320293436293,
Iceland,1998,1.1752296105957,
India,2012,-3.80571144291867,
India,2011,-3.00863511342614,
India,2010,-3.41365738993976,
India,2009,-5.41869943510534,
India,2008,-4.87021184766317,
India,2007,-0.470615169057777,
India,2006,-2.24290094931459,
India,2005,-3.17788465222679,
India,2004,-3.20003906959259,
India,2003,-3.370927812976,
India,2002,-4.5813106479592,
India,2001,-4.2731160428344,
India,2000,-3.74462769997191,
India,1999,-3.22450922148693,
India,1998,-3.24596456312124,
India,1997,-2.74218873837424,
India,1996,-1.98389775688133,
India,1995,-2.14310478401841,
India,1994,-2.36251193099512,
India,1993,-3.83708102489506,
India,1992,-2.26687934002218,
India,1991,-2.21064901009376,
India,1990,-3.32797467010855,
Indonesia,2009,-1.67170729035619,
Indonesia,2008,-0.335174749367649,
Indonesia,2007,-1.02120237721349,
Indonesia,2006,-0.624747293293894,
Indonesia,2005,-0.125932467388831,
Indonesia,2004,-1.01770932167666,
Indonesia,2003,-1.74353631059842,
Indonesia,2002,-0.938982181356429,
Indonesia,1999,-3.67503303617566,
Indonesia,1998,-1.84254621686716,
Indonesia,1997,1.31602052472836,
Indonesia,1996,1.98228210342423,
Indonesia,1995,1.7172184205085,
Indonesia,1994,2.82533834251882,
Indonesia,1993,0.539456903115815,
Indonesia,1992,-0.970272462890742,
Indonesia,1991,0.676084898477889,
Iran, Islamic Rep.,2009,0.518560335560315,
Iran, Islamic Rep.,2008,2.65122015578589,
Iran, Islamic Rep.,2007,7.30429846767739,
Iran, Islamic Rep.,2006,2.90758377143267,
Iran, Islamic Rep.,2005,5.98714238150104,
Iran, Islamic Rep.,2004,4.10691790798502,
Iran, Islamic Rep.,2003,1.63017841746009,
Iran, Islamic Rep.,2002,0.708462191372707,
Iran, Islamic Rep.,2001,0.97984906248248,
Iran, Islamic Rep.,2000,1.79157986881652,
Iran, Islamic Rep.,1999,0.121618070075437,
Iran, Islamic Rep.,1998,-5.73565756969126,
Iran, Islamic Rep.,1997,-0.463308123651493,
Iran, Islamic Rep.,1996,0.828676076179204,
Iran, Islamic Rep.,1995,1.10472885113103,
Iran, Islamic Rep.,1994,-0.251217062102047,
Iran, Islamic Rep.,1993,-0.54474377811938,
Iran, Islamic Rep.,1992,-1.45963707275939,
Iran, Islamic Rep.,1991,-2.34674456642563,
Iran, Islamic Rep.,1990,-1.90117990715972,
Ireland,2012,-7.6390868797092,
Ireland,2011,-12.3556173077143,
Ireland,2010,-29.4201673065906,
Ireland,2009,-13.3460330490025,
Ireland,2008,-6.7027326989536,
Ireland,2007,0.273262566169501,
Ireland,2006,2.61184746124276,
Ireland,2005,1.37608045738501,
Ireland,2004,1.24349875410207,
Ireland,2003,0.116604690147321,
Ireland,2002,0.0319797956932692,
Ireland,2001,1.38316665112745,
Ireland,2000,4.78482698867247,
Ireland,1999,2.39166795507892,
Ireland,1998,2.16902523478502,
Ireland,1997,1.57480424523969,
Ireland,1996,-0.35442238933927,
Ireland,1995,-2.7645023746877,
Israel,2012,-5.43085223182328,
Israel,2011,-4.2039638208717,
Israel,2010,-4.68623402038167,
Israel,2009,-6.20348840623768,
Israel,2008,-3.31617167625299,
Israel,2007,-1.17141335277715,
Israel,2006,-2.21371462573128,
Israel,2005,-4.5382474223745,
Israel,2004,-5.47805162461219,
Israel,2003,-6.9875353509169,
Israel,2002,-6.8019195610479,
Israel,2001,-5.5959074575101,
Israel,2000,-3.40174878167323,
Italy,2012,-2.9757334884002,
Italy,2011,-3.37704814201944,
Italy,2010,-3.732715266367,
Italy,2009,-4.87076234176091,
Italy,2008,-2.20560128171792,
Italy,2007,-1.36812599899559,
Italy,2006,-2.33722440401036,
Italy,2005,-3.52265625807245,
Italy,2004,-2.50107659266702,
Italy,2003,-3.09139684476417,
Italy,2002,-2.29604232210667,
Italy,2001,-2.82127651911426,
Italy,2000,-0.755066227398426,
Italy,1999,-1.35725613850905,
Italy,1998,-2.61618026237335,
Italy,1997,-2.45635635979012,
Italy,1996,-6.3552579109616,
Italy,1995,-7.2556511579783,
Jamaica,2012,-3.96545630949879,
Jamaica,2011,-5.94983712571566,
Jamaica,2010,-5.77677249657183,
Jamaica,2009,-9.37420584225846,
Jamaica,2008,-5.83468619342936,
Jamaica,2007,-3.98594543091852,
Jamaica,2006,-1.75181675986488,
Jamaica,2005,-0.870358895537245,
Jamaica,2004,-2.9463813567394,
Jamaica,2003,-2.38819541154685,
Japan,2012,-7.97159986394741,
Japan,2011,-8.20910532922225,
Japan,2010,-6.74601002851668,
Japan,2009,-7.57774727484709,
Japan,2008,-2.94655346578765,
Japan,2007,-2.43655053889545,
Japan,2006,-0.86783359352026,
Japan,2005,-4.05891610091625,
Jordan,2012,-8.30394360245588,
Jordan,2011,-6.75278551059315,
Jordan,2010,-5.57136189721667,
Jordan,2009,-8.92258985393616,
Jordan,2008,-2.17399508760479,
Jordan,2007,-4.68700195194755,
Jordan,2006,-3.64034278798606,
Jordan,2005,-5.12270441147401,
Jordan,2004,-1.44084334344338,
Jordan,2003,-0.322815221037933,
Jordan,2002,-3.12623568937457,
Jordan,2001,-3.13784963414493,
Jordan,2000,-2.0307944345093,
Jordan,1999,-1.29869376716145,
Jordan,1998,-5.03474074526287,
Jordan,1997,-3.1984227033342,
Jordan,1996,-1.63063170774145,
Jordan,1995,0.931151111062656,
Jordan,1994,0.578205958155418,
Jordan,1993,1.23059888768278,
Jordan,1992,4.59032003038795,
Jordan,1991,-2.16125760649087,
Jordan,1990,-3.37342202697535,
Kazakhstan,2004,0.220952798303098,
Kazakhstan,2003,-0.610995553250253,
Kazakhstan,2002,0.348045573877745,
Kazakhstan,2001,0.0646859451780695,
Kazakhstan,2000,0.0900456386503243,
Kazakhstan,1999,-2.81092131775928,
Kazakhstan,1998,-2.4856578356378,
Kazakhstan,1997,-1.8031956008534,
Kenya,2012,-3.8445537944736,
Kenya,2011,-3.64837517996129,
Kenya,2010,-4.72844624039339,
Kenya,2009,-4.39214980975092,
Kenya,2008,-3.46042371762158,
Kenya,2007,-2.53995779885783,
Kenya,2006,-2.02985638915362,
Kenya,2005,1.49480886743965,
Kenya,2004,-1.46535313878912,
Kenya,2003,-2.19686406039326,
Kenya,2002,1.99347854403679,
Kenya,2001,2.00194340245888,
Kenya,2000,1.97545434500004,
Kenya,1997,-0.577557434445479,
Kenya,1996,-0.775002252913526,
Kenya,1995,-5.06630037815738,
Kenya,1994,-3.41388554772541,
Kenya,1993,-0.192439529064335,
Kenya,1992,-1.61151352561206,
Kenya,1991,-2.75698973795037,
Kiribati,2012,14.8172016331361,
Kiribati,2011,-7.22056261077844,
Kiribati,2010,6.19700127439025,
Korea, Rep.,2011,1.69081025391673,
Korea, Rep.,2010,1.53322282005646,
Korea, Rep.,2009,0.0176652446045777,
Korea, Rep.,2008,1.52277806941507,
Korea, Rep.,2007,2.16726143816035,
Korea, Rep.,2006,1.0748253773648,
Korea, Rep.,2005,0.856764854604379,
Korea, Rep.,2004,0.0928572219474356,
Korea, Rep.,2003,1.61494145998461,
Korea, Rep.,2002,3.44613065430837,
Korea, Rep.,2001,2.57658775921117,
Korea, Rep.,2000,4.15447574681057,
Korea, Rep.,1999,1.21454541366207,
Korea, Rep.,1998,1.15100009116463,
Korea, Rep.,1997,2.43349387828592,
Korea, Rep.,1996,2.40453697727535,
Korea, Rep.,1995,2.26405507168503,
Korea, Rep.,1994,1.95959309274639,
Korea, Rep.,1993,1.82444051020765,
Korea, Rep.,1992,1.08955462790936,
Korea, Rep.,1991,0.491977767036423,
Korea, Rep.,1990,1.53071578453277,
Kuwait,2012,29.3382976234214,
Kuwait,2011,28.7176784974971,
Kuwait,2010,18.8306211474919,
Kuwait,2009,19.2991666119824,
Kuwait,2008,5.05981827359919,
Kuwait,2007,24.4344863570793,
Kuwait,2006,13.9538276213098,
Kuwait,2005,29.0637053363286,
Kuwait,2004,13.9350345378775,
Kuwait,2003,8.82456017382771,
Kuwait,2002,10.7937877480587,
Kuwait,2001,4.86870385945239,
Kuwait,1998,-0.885280306493148,
Kuwait,1997,8.65692717102047,
Kuwait,1996,-5.71622501899637,
Kuwait,1995,-9.89647522800099,
Kuwait,1994,-17.64227713993,
Kuwait,1993,-18.3256567963803,
Kuwait,1992,-76.1348995771921,
Kuwait,1991,-202.69666440976,
Kuwait,1990,6.08607175158276,
Kyrgyz Republic,2012,-6.51770743382722,
Kyrgyz Republic,2011,-4.84214608179123,
Kyrgyz Republic,2010,-4.84649359053189,
Kyrgyz Republic,2009,-1.31891499426755,
Kyrgyz Republic,2008,-0.0375707676766925,
Kyrgyz Republic,2007,-1.51597636889111,
Kyrgyz Republic,2006,-0.696265381137626,
Kyrgyz Republic,2001,-0.757410673318598,
Kyrgyz Republic,2000,-2.86575814228368,
Kyrgyz Republic,1999,-2.99298246240293,
Kyrgyz Republic,1998,-3.64028389709023,
Kyrgyz Republic,1997,-5.97835473852641,
Kyrgyz Republic,1996,-5.46084711935827,
Kyrgyz Republic,1995,-10.7531077540554,
Lao PDR,2012,-0.806708672230593,
Lao PDR,2011,-0.94918308301597,
Lao PDR,2010,-0.840150065714845,
Lao PDR,2009,-1.65589386081638,
Lao PDR,2008,-2.17032400044927,
Lao PDR,2007,-2.69229203020663,
Lao PDR,2006,-3.20964097653168,
Latin America & Caribbean (all income levels),2000,-1.41568893444286,
Latin America & Caribbean (all income levels),1999,-1.88187324979173,
Latin America & Caribbean (all income levels),1998,-2.3671900416992,
Latin America & Caribbean (all income levels),1997,-0.35715683059894,
Latin America & Caribbean (all income levels),1994,-1.2222062295263,
Latin America & Caribbean (all income levels),1993,-2.79812269644683,
Latin America & Caribbean (all income levels),1992,-0.675305834397185,
Latin America & Caribbean (all income levels),1991,0.850100822492159,
Latin America & Caribbean (all income levels),1990,-2.6588505768082,
Latin America & Caribbean (developing only),2000,-1.41719329588197,
Latin America & Caribbean (developing only),1999,-1.90256179950098,
Latin America & Caribbean (developing only),1998,-2.28443616220105,
Latin America & Caribbean (developing only),1997,-0.62127599386388,
Latin America & Caribbean (developing only),1994,-1.23921971658555,
Latin America & Caribbean (developing only),1993,-2.96083876099388,
Latin America & Caribbean (developing only),1992,-0.589158600336752,
Latin America & Caribbean (developing only),1991,0.641571255324795,
Latin America & Caribbean (developing only),1990,-3.12581428729326,
Latvia,2012,0.364329117342576,
Latvia,2011,-2.01268505223548,
Latvia,2010,-4.84071140321175,
Latvia,2009,-4.48253888956798,
Latvia,2008,-1.75386834513506,
Latvia,2007,0.527986589225411,
Latvia,2006,-0.303947841622293,
Latvia,2005,-0.591263571028085,
Latvia,2004,-0.597327788949862,
Latvia,2003,-0.770295423089772,
Latvia,2002,-1.03520751514673,
Latvia,2001,-0.631587977310014,
Latvia,2000,-1.2474029556419,
Latvia,1999,-1.87013322243414,
Latvia,1998,0.140391651878955,
Latvia,1997,1.04906582853152,
Latvia,1996,-0.68495778971604,
Latvia,1995,-1.69487826171307,
Least developed countries: UN classification,2011,-0.123096780673712,
Least developed countries: UN classification,2010,-1.31324446313518,
Least developed countries: UN classification,2009,-2.77247461895761,
Lebanon,2012,-8.781492103743,
Lebanon,2011,-6.41962424494199,
Lebanon,2010,-7.5884281591623,
Lebanon,2009,-8.18447317465501,
Lebanon,2008,-10.1539574272796,
Lebanon,2007,-11.3621187584345,
Lebanon,2006,-11.2611789275062,
Lebanon,2005,-8.0467908011592,
Lebanon,2004,-8.65685343463121,
Lebanon,2003,-13.2511263303055,
Lebanon,2002,-12.7126627874758,
Lebanon,2001,-15.0460405156538,
Lebanon,2000,-18.402382782475,
Lesotho,2008,5.63084300670643,
Lesotho,2007,7.94927278981539,
Lesotho,2006,13.9410781606486,
Lesotho,2005,4.24141949359811,
Lesotho,2004,8.26256598691828,
Lesotho,2003,0.76323516174692,
Lesotho,2002,-4.07359301130916,
Lesotho,2001,-2.75097947941964,
Lesotho,1996,5.5957810718358,
Lesotho,1995,5.53915275994865,
Lesotho,1994,8.43342036553525,
Lesotho,1992,4.578199513382,
Lesotho,1991,-0.0477691850089233,
Lesotho,1990,-0.556919801277502,
Liberia,2012,-0.0349098200541001,
Liberia,2011,-0.0221920204336345,
Liberia,2010,-0.0122890268419766,
Liberia,2008,0.0104836421623811,
Liberia,2007,0.0553371198419145,
Liberia,2006,0.0543219300233095,
Liberia,2005,0.0223761763817086,
Lithuania,2012,-10.5754037341658,
Lithuania,2011,-17.5138331951881,
Lithuania,2010,-24.878844910772,
Lithuania,2009,-30.7267921053804,
Lithuania,2008,-10.4491945571823,
Lithuania,2007,-2.33534315632888,
Lithuania,2006,-0.343865244692515,
Lithuania,2005,-1.56601150344723,
Lithuania,2004,-5.79358899843179,
Low income,2010,-1.78520672305528,
Lower middle income,2012,-4.30201144782948,
Lower middle income,2011,-3.45851054740442,
Lower middle income,2010,-3.74770608026897,
Lower middle income,2009,-4.23328287655665,
Lower middle income,2008,-3.1847439858473,
Lower middle income,2007,-1.06186464003265,
Lower middle income,2006,-1.9356540596342,
Lower middle income,2005,-2.53051345723001,
Lower middle income,2004,-2.70944534668726,
Lower middle income,2003,-2.92718365356228,
Lower middle income,2002,-3.39954746139609,
Lower middle income,1999,-3.28846732927943,
Lower middle income,1998,-3.01307600088101,
Lower middle income,1997,-2.15532321087235,
Lower middle income,1996,-1.53731497634469,
Lower middle income,1995,-1.35244428155018,
Lower middle income,1994,-1.39626367342953,
Lower middle income,1993,-2.4993561960779,
Lower middle income,1992,-2.24893655959691,
Lower middle income,1991,-1.63168547783052,
Luxembourg,2012,-0.625269411429882,
Luxembourg,2011,-0.234305504641216,
Luxembourg,2010,-0.942638848119163,
Luxembourg,2009,-0.519767416992614,
Luxembourg,2008,2.72320983300633,
Luxembourg,2007,3.45340925839241,
Luxembourg,2006,1.16477799147925,
Luxembourg,2005,0.289978065661005,
Luxembourg,2004,-1.11788304353719,
Luxembourg,2003,0.207587105586112,
Luxembourg,2002,1.81342718493995,
Luxembourg,2001,5.5538259935765,
Luxembourg,2000,5.24692508524733,
Luxembourg,1999,2.96821858314212,
Macao SAR, China,2012,24.0916244677998,
Macao SAR, China,2011,24.8129387040052,
Macao SAR, China,2010,19.3246319201323,
Macao SAR, China,2009,13.5376229220316,
Macao SAR, China,2008,17.7287684775929,
Macao SAR, China,2007,16.7263483046468,
Macao SAR, China,2006,9.94505863381127,
Macao SAR, China,2005,8.57405613402795,
Macao SAR, China,2004,8.09037587578385,
Macao SAR, China,2003,4.99308349633375,
Macao SAR, China,2002,2.80055155819684,
Macao SAR, China,2001,3.43607570463038,
Macao SAR, China,2000,1.64411589063357,
Macao SAR, China,1999,-0.601125562345499,
Macao SAR, China,1998,0.000182332226090502,
Macao SAR, China,1997,2.72137707319421,
Macao SAR, China,1996,1.43093084247097,
Macedonia, FYR,2012,-3.93269381169609,
Macedonia, FYR,2011,-2.64161349114364,
Macedonia, FYR,2010,-2.53100874464893,
Macedonia, FYR,2009,-2.68485512105002,
Macedonia, FYR,2008,-0.964593024657138,
Macedonia, FYR,2007,0.252332751167237,
Macedonia, FYR,2006,-0.144141696431132,
Macedonia, FYR,2005,2.32238473765347,
Madagascar,2011,-1.67748444993436,
Madagascar,2010,-0.861107044829838,
Madagascar,2009,-2.54091722993523,
Madagascar,2008,-1.92773422449105,
Madagascar,2007,-2.66445572533435,
Madagascar,2006,-0.394357525187459,
Madagascar,2005,-4.64739168599923,
Madagascar,2004,-4.50455656722902,
Madagascar,2003,-3.68780590874358,
Madagascar,2002,-4.44879393246421,
Madagascar,2001,-3.85181422292873,
Madagascar,2000,-2.04366406598379,
Malaysia,2012,-4.52286469557832,
Malaysia,2011,-4.75449431856688,
Malaysia,2010,-5.15176043761844,
Malaysia,2009,-6.13335504488277,
Malaysia,2008,-4.40882628359597,
Malaysia,2007,-3.17455897346014,
Malaysia,2006,-2.95950176410146,
Malaysia,2005,-3.7608218139807,
Malaysia,2004,-4.12404624838361,
Malaysia,2003,-4.85231714859505,
Malaysia,2002,-4.90145167309042,
Malaysia,2001,-3.50568326531075,
Malaysia,2000,-4.12418630751964,
Malaysia,1999,-3.83002563480215,
Malaysia,1998,-0.821906201013967,
Malaysia,1997,2.91985308468922,
Malaysia,1996,1.45389623697445,
Maldives,2011,-7.67885291937327,
Maldives,2010,-14.9030824093526,
Maldives,2009,-19.3638244560416,
Maldives,2008,-10.6461303236269,
Maldives,2007,-3.37467988346463,
Maldives,2006,-4.83149728985259,
Maldives,2005,-8.11035766794552,
Maldives,2004,-2.30299270012296,
Maldives,2003,-3.47420777681898,
Maldives,2002,-3.60749459021455,
Maldives,2001,-3.59863767373389,
Maldives,2000,-4.99697337459629,
Maldives,1999,-3.88732978351106,
Maldives,1998,-2.88975758850815,
Maldives,1997,-1.87569216300708,
Maldives,1996,-2.354272778721,
Maldives,1995,-6.5820574519282,
Maldives,1994,-5.16886076563144,
Maldives,1993,-11.294477311971,
Maldives,1992,-11.0033544787273,
Maldives,1991,-8.7516960651289,
Maldives,1990,-7.50693734482255,
Mali,2013,-1.40547073457082,
Mali,2012,0.000559814773142276,
Mali,2011,-3.49217187117353,
Mali,2010,-2.49743258921934,
Mali,2009,-2.06295685106697,
Mali,2008,-1.74369526477706,
Mali,2007,-4.72762844753325,
Mali,2006,30.7200755715343,
Mali,2005,-2.49385565544317,
Mali,2004,-2.99473348534901,
Mali,2003,-1.4338366724749,
Mali,2002,-4.17995230941106,
Mali,2001,-4.2476673237537,
Mali,2000,-3.36754127721694,
Malta,2012,-3.23592678331939,
Malta,2011,-2.64064521314062,
Malta,2010,-3.64644582948004,
Malta,2009,-3.73229633805143,
Malta,2008,-4.69058087085844,
Malta,2007,-5.47731562251875,
Malta,2006,-6.47014463332552,
Malta,2005,-7.12527986746257,
Malta,2004,-11.222606051316,
Malta,2003,-22.3157777315917,
Mauritius,2012,-0.591940901886079,
Mauritius,2011,-1.14519319775488,
Mauritius,2010,-2.36686833572885,
Mauritius,2009,0.5751290932659,
Mexico,2000,-0.995374334090873,
Mexico,1999,-1.4023443002375,
Mexico,1998,-1.36838195620098,
Mexico,1997,-1.26253788510437,
Mexico,1996,-0.110727265970875,
Mexico,1995,-0.513878142188011,
Mexico,1994,-0.00168562666563619,
Mexico,1993,0.187307350791321,
Mexico,1992,0.978109360672132,
Mexico,1991,-0.000316073066416905,
Mexico,1990,-2.54514321577446,
Middle East & North Africa (developing only),2009,-2.47912937066505,
Middle East & North Africa (developing only),2008,1.12895802486544,
Middle East & North Africa (developing only),2007,1.91099906605732,
Middle East & North Africa (developing only),2006,1.12610460789841,
Middle East & North Africa (developing only),2005,-0.389443715462473,
Middle East & North Africa (developing only),2004,-0.864582050787597,
Middle East & North Africa (developing only),2003,-2.02944256468718,
Middle East & North Africa (developing only),2002,-2.69347420844862,
Moldova,2012,-2.04584151655772,
Moldova,2011,-1.79529239215826,
Moldova,2010,-2.56101809942854,
Moldova,2009,-5.91893374201468,
Moldova,2008,-0.405902302621463,
Moldova,2007,-0.336892092957288,
Moldova,2006,0.195511646941627,
Moldova,2005,1.80362892476865,
Moldova,2004,0.26879557759159,
Moldova,2003,1.98523345483701,
Moldova,2001,0.959513767972774,
Moldova,2000,-1.49131268226288,
Moldova,1999,-2.9208925871171,
Moldova,1998,-3.70282027691644,
Moldova,1997,-6.27906696900241,
Mongolia,2012,-7.08958781747485,
Mongolia,2011,-2.64687753082474,
Mongolia,2010,2.63018628847896,
Mongolia,2009,-4.09219219473319,
Mongolia,2008,-3.28337778707655,
Mongolia,2007,7.13598763241543,
Mongolia,2006,2.75608019624397,
Mongolia,2003,-0.380613903960379,
Mongolia,2002,-1.2508856281796,
Mongolia,2001,0.994268059723223,
Mongolia,2000,0.18348742826911,
Mongolia,1999,-2.71560675742568,
Mongolia,1998,-0.970425879451468,
Mongolia,1997,-0.0304418502430137,
Mongolia,1996,0.744041372446667,
Mongolia,1995,2.44252969921243,
Mongolia,1994,0.377123218473874,
Mongolia,1993,2.7082178056561,
Mongolia,1992,-0.518436885922866,
Morocco,2012,-6.04310862420045,
Morocco,2011,-4.15305351400835,
Morocco,2010,-2.34239095217171,
Morocco,2009,1.0474778774291,
Morocco,2008,2.01753944621455,
Morocco,2007,2.52139433139745,
Morocco,2006,0.593912220673983,
Morocco,2005,-2.45647858868744,
Morocco,2004,-2.33057665770621,
Morocco,2003,-2.52197952980121,
Morocco,2002,-3.14375922113056,
Mozambique,2012,-2.70285739580066,
Mozambique,2011,-3.51984154198494,
Mozambique,2010,-3.53632043253562,
Myanmar,2004,-1.97408747221176,
Myanmar,2003,-2.67168924824042,
Namibia,2011,-11.876599554825,
Namibia,2010,-7.26199073197126,
Namibia,2009,1.36803856759508,
Namibia,2008,5.58397640798688,
Namibia,2007,1.97599399547119,
Namibia,2006,5.17200710742578,
Namibia,2005,-0.0486194425796392,
Namibia,2004,-2.58141804283573,
Namibia,2003,-6.66758220997662,
Namibia,2002,-2.38858995543614,
Namibia,2001,-4.18511951197149,
Namibia,2000,-1.62973874617529,
Namibia,1999,-2.47729480024993,
Namibia,1992,-4.11505134479817,
Namibia,1991,-2.12042557999199,
Nepal,2013,1.54133311040781,
Nepal,2012,-0.625536421395573,
Nepal,2011,-1.00051033173026,
Nepal,2010,-1.3733796175973,
Nepal,2005,-0.977414779475138,
Nepal,2004,-1.35663038030811,
Netherlands,2012,-3.34834947334245,
Netherlands,2011,-3.52931661194315,
Netherlands,2010,-3.91473162821926,
Netherlands,2009,-4.58495911924229,
Netherlands,2008,0.884720522685021,
Netherlands,2007,0.342845502678532,
Netherlands,2006,0.531525310230816,
Netherlands,2005,-0.106352283152319,
Netherlands,2004,-1.48235131322527,
Netherlands,2003,-2.66748116473223,
Netherlands,2002,-1.52971806586905,
Netherlands,2001,-0.160031250196889,
Netherlands,2000,1.82326315296823,
Netherlands,1999,0.31385844887086,
Netherlands,1998,-0.818512764625409,
Netherlands,1997,-1.96321081295614,
Netherlands,1996,-1.95724597445863,
Netherlands,1995,-8.69292864460545,
New Zealand,2012,-0.443821565641568,
New Zealand,2011,-7.8044748701235,
New Zealand,2010,-2.05296677175179,
New Zealand,2009,1.07030585949249,
New Zealand,2008,3.16349145463069,
New Zealand,2007,3.01539830445636,
New Zealand,2006,4.64364937304914,
New Zealand,2005,4.32656025886419,
New Zealand,2004,3.54236643267744,
New Zealand,2003,2.80132746023529,
New Zealand,2002,1.62789006984782,
New Zealand,2001,1.64684987615801,
Nicaragua,2012,0.512670661477395,
Nicaragua,2011,0.459661651654806,
Nicaragua,2010,-0.723866341649356,
Nicaragua,2009,-1.67427370243145,
Nicaragua,2008,-0.874224595553286,
Nicaragua,2007,0.320292008086217,
Nicaragua,2006,0.0516631010472341,
Nicaragua,2005,-1.41240794442145,
Nicaragua,2004,-1.71110422095962,
Nicaragua,2003,-2.19383774068272,
Nicaragua,2002,-1.89915942749467,
Nicaragua,2001,-4.93548944987567,
Nicaragua,2000,-2.7990801969495,
Nicaragua,1999,-1.67685545426641,
Nicaragua,1998,-0.615503972811992,
Nicaragua,1997,-0.38325008216213,
Nicaragua,1996,-0.500812467791326,
Nicaragua,1995,0.490766824076734,
Nicaragua,1994,-1.60993942976057,
Nicaragua,1993,0.0818642727568724,
Nicaragua,1992,-2.2810129406515,
Nicaragua,1991,6.06741728641267,
Nicaragua,1990,-34.2362794122159,
Niger,2007,-0.923454011167361,
Niger,2006,40.4163334247587,
Niger,2005,-1.87861228400423,
Nigeria,2012,-1.34367075975456,
Nigeria,2011,-1.81861388398239,
Nigeria,2010,-1.99299251572449,
Nigeria,2009,-3.20969326732719,
Nigeria,2008,-0.192173243546588,
Nigeria,2007,-0.559670018938861,
Nigeria,2006,-0.539289959871311,
Nigeria,2005,-1.0960057628811,
Nigeria,2004,-1.47940624024551,
Nigeria,2003,-2.19041221344568,
North America,2013,-4.54383586418403,
North America,2012,-7.01104066709809,
North America,2011,-8.46377927475512,
North America,2010,-9.50327309122411,
North America,2009,-9.60439004016236,
North America,2008,-4.90886565489729,
North America,2007,-2.17828194143819,
North America,2006,-1.88194263450401,
North America,2005,-2.78504922270275,
North America,2004,-3.4679577074206,
North America,2003,-3.72789711624799,
North America,2002,-2.54305043048099,
North America,2001,0.0743150421578718,
Norway,2012,14.3022007225126,
Norway,2011,14.0173275314625,
Norway,2010,11.9598206856984,
Norway,2009,11.3855713755372,
Norway,2008,19.6603950287482,
Norway,2007,17.5183127853094,
Norway,2006,18.0868428465155,
Norway,2005,14.8819824811382,
Norway,2004,11.4814355484149,
Norway,2003,8.1644195249112,
Norway,2002,8.97421517118847,
Norway,2001,13.8665524723809,
Norway,2000,15.4507038330484,
OECD members,2012,-5.42948115880528,
OECD members,2011,-5.86966460158113,
OECD members,2010,-6.85023071939665,
OECD members,2009,-7.19344023922383,
OECD members,2008,-2.88883871537803,
OECD members,2007,-1.28519432561423,
OECD members,2006,-1.12436522871503,
OECD members,2005,-2.29458679501118,
OECD members,2004,-2.55028545512775,
OECD members,2003,-2.77897991345675,
OECD members,2002,-1.91495847123011,
OECD members,2001,-0.190370590760547,
Oman,2012,-0.429934624045678,
Oman,2011,-0.797412143021208,
Oman,2010,-0.424435416629708,
Oman,2009,-3.59521211697742,
Oman,2008,0.190023955829038,
Oman,2007,0.150786686277176,
Oman,2006,-0.0782696809811664,
Oman,2005,2.22240816668061,
Oman,2004,2.31893799361452,
Oman,2003,1.24786612488279,
Oman,2002,0.393807537863626,
Oman,2001,-4.55657615017448,
Oman,2000,-5.2769111804389,
Oman,1999,-7.48275985373522,
Oman,1998,-7.10325627152719,
Oman,1997,0.658526972657854,
Oman,1996,-4.52479444359328,
Oman,1995,-8.85794501705263,
Oman,1994,-9.98731705353009,
Oman,1993,-10.2943625614123,
Oman,1992,-11.7233024916978,
Oman,1991,-6.6662080352229,
Oman,1990,-0.318279952814441,
Pakistan,2013,-5.20920000407309,
Pakistan,2012,-8.00655974858454,
Pakistan,2011,-6.39570397736102,
Pakistan,2010,-4.98925270444682,
Pakistan,2009,-4.58779122900228,
Pakistan,2008,-7.16053135938616,
Pakistan,2007,-3.91741756789605,
Pakistan,2006,-3.92427849506339,
Pakistan,2005,-3.20278433953631,
Pakistan,2004,-1.95162554205419,
Pakistan,2003,-2.88341159985298,
Pakistan,2002,-2.85652107709245,
Pakistan,2001,-3.74814157101651,
Pakistan,2000,-4.08642091146859,
Pakistan,1999,-5.53961895317112,
Pakistan,1998,-5.63881245387757,
Pakistan,1997,-6.73327809606014,
Pakistan,1996,-6.59875396960531,
Pakistan,1995,-5.28328622525486,
Pakistan,1994,-5.38003874181349,
Pakistan,1993,-6.57871738378639,
Pakistan,1992,-5.83079710986688,
Pakistan,1991,-5.52775384470122,
Pakistan,1990,-2.46453321000187,
Panama,2001,0.909760745289011,
Panama,2000,-0.840755561292543,
Panama,1999,0.178067962605728,
Panama,1998,-1.85959295678024,
Panama,1997,-0.743752479174931,
Panama,1996,-1.18428251145128,
Panama,1995,1.52160989615613,
Panama,1994,0.870194856411384,
Panama,1993,2.89547340990252,
Panama,1992,0.919986749781673,
Panama,1991,5.55089605121271,
Panama,1990,2.00067755778062,
Papua New Guinea,2002,-2.26339496375102,
Papua New Guinea,2001,-1.27463616863692,
Papua New Guinea,2000,-1.88282421578093,
Papua New Guinea,1999,-2.73814594141501,
Papua New Guinea,1998,-1.74342611102568,
Papua New Guinea,1997,0.286753488897678,
Papua New Guinea,1996,0.571754455678691,
Papua New Guinea,1995,-0.467770836360114,
Papua New Guinea,1994,-2.48731533551525,
Papua New Guinea,1993,-5.71305294734031,
Papua New Guinea,1992,-5.4712289841345,
Papua New Guinea,1991,-1.67461726203683,
Papua New Guinea,1990,-2.17313568688642,
Paraguay,2012,-0.979808050502673,
Paraguay,2011,1.61631824120601,
Paraguay,2010,1.92348391479767,
Paraguay,2009,0.737915140425271,
Paraguay,2008,2.93225242984518,
Paraguay,2007,1.55630728970228,
Paraguay,2006,1.07889616105311,
Paraguay,2005,0.922866058018588,
Peru,2012,2.03193130498642,
Peru,2011,1.31514556005947,
Peru,2010,0.50051250718706,
Peru,2009,-1.14089917119939,
Peru,2008,2.11605361592119,
Peru,2007,1.79163727587188,
Peru,2006,1.91920430051195,
Peru,2005,-0.873279333073185,
Peru,2004,-1.25318003071969,
Peru,2003,-1.74141123100016,
Peru,2002,-1.45692964390871,
Peru,2001,-2.14341938573004,
Peru,2000,-2.14823550123607,
Peru,1999,-2.44976311189589,
Peru,1998,-0.389538130791558,
Peru,1997,0.500509646027571,
Peru,1996,2.76276009935281,
Peru,1995,-1.35412079485838,
Peru,1994,-1.95070138410849,
Peru,1993,-2.96767371564198,
Peru,1992,-3.53278529802646,
Peru,1991,-2.07112676642919,
Peru,1990,-8.29502931088235,
Philippines,2012,-1.94860844457073,
Philippines,2011,-1.76401057923673,
Philippines,2010,-3.46108394669738,
Philippines,2009,-3.76528292927971,
Philippines,2008,-1.20228161447908,
Philippines,2007,-1.41486932804874,
Philippines,2006,-1.25217712786307,
Philippines,2005,-2.83862454460196,
Philippines,2004,-3.84127509965665,
Philippines,2003,-4.50671541900378,
Philippines,2000,-3.65966104760051,
Philippines,1993,-0.813112895120034,
Philippines,1992,-1.69544947723333,
Philippines,1991,-1.49702206150427,
Philippines,1990,-2.81108057001384,
Poland,2012,-3.55147057913452,
Poland,2011,-4.20943342546451,
Poland,2010,-6.68038629234073,
Poland,2009,-6.05830304365385,
Poland,2008,-3.69303903009578,
Poland,2007,-1.86017039484383,
Poland,2006,-3.39445122975867,
Poland,2005,-4.02764085168425,
Poland,2004,-5.48362676398082,
Poland,2003,-5.43319187166787,
Poland,2002,-4.48917306200092,
Poland,2001,-2.7871406134812,
Portugal,2012,-6.84415373104194,
Portugal,2011,-3.85631048326982,
Portugal,2010,-8.6633620445307,
Portugal,2009,-9.0080547990803,
Portugal,2008,-3.0785095090025,
Portugal,2007,-2.47691740417182,
Portugal,2006,-3.80356056919543,
Portugal,2005,-5.36923441532001,
Portugal,2004,-3.23522231176938,
Portugal,2003,-2.61383718885619,
Portugal,2002,-2.45558832066431,
Portugal,2001,-3.88469934291657,
Portugal,2000,-2.53401864924887,
Portugal,1999,-2.9253371804559,
Portugal,1998,-3.81265195016932,
Portugal,1997,-2.94147243615233,
Portugal,1996,-4.2032020722533,
Portugal,1995,-5.03997762735393,
Qatar,2010,2.94382116646465,
Qatar,2009,15.3150611203811,
Qatar,2008,9.93775478963638,
Qatar,2007,10.896413600113,
Qatar,2006,8.53561208378646,
Qatar,2005,9.20310739337779,
Qatar,2004,16.4154849885726,
Romania,2012,-2.51776882978996,
Romania,2011,-5.12224540001444,
Romania,2010,-6.71812001065967,
Romania,2009,-8.24775602430421,
Romania,2008,-4.53112813425287,
Romania,2007,-2.29305049821301,
Romania,2006,-2.2258450718786,
Romania,2005,-0.992514965672808,
Romania,2004,-0.917661579185665,
Romania,2003,-1.30872391681812,
Romania,2002,-1.968112643257,
Russian Federation,2012,2.66949753368255,
Russian Federation,2011,3.28716472670569,
Russian Federation,2010,-1.86574652925677,
Russian Federation,2009,-4.2092684299223,
Russian Federation,2008,5.61985724610633,
Russian Federation,2007,6.18602656338948,
Russian Federation,2006,8.02609442896429,
Russian Federation,2005,9.88306837969847,
Russian Federation,2004,5.280917485905,
Russian Federation,2003,2.20755532366723,
Russian Federation,2002,7.0304009405961,
Rwanda,2013,-2.9625822368421,
Rwanda,2012,-3.96166854565953,
Rwanda,2011,-0.922618423625325,
Rwanda,2010,-1.07838050351787,
Rwanda,2009,-0.129173383297977,
Rwanda,2008,0.628152844978917,
Rwanda,1992,-9.31908095724032,
Rwanda,1991,-9.40258435303362,
Rwanda,1990,-8.76928371062756,
Samoa,2012,-0.00716928429704623,
Samoa,2011,-0.00527605102922827,
Samoa,2010,-0.00580380916273186,
San Marino,2008,6.86424037856592,
San Marino,2007,4.47108647526358,
San Marino,2006,6.34001937233134,
San Marino,2005,5.38106711573237,
San Marino,2004,2.43788090480678,
San Marino,2003,2.92550390552763,
San Marino,2002,1.28962514438503,
Sao Tome and Principe,2012,-12.2169074795512,
Sao Tome and Principe,2011,-12.6225426933631,
Sao Tome and Principe,2010,-10.4561652968296,
Sao Tome and Principe,2009,-17.6249595674443,
Sao Tome and Principe,2008,16.1895374055182,
Sao Tome and Principe,2007,129.504029610999,
Sao Tome and Principe,2006,-10.6370113597093,
Sao Tome and Principe,2005,-5.65850994016534,
Sao Tome and Principe,2004,-8.01065286372175,
Sao Tome and Principe,2003,-2.51664941865402,
Sao Tome and Principe,2002,-8.02187262038809,
Senegal,2012,-5.30073698512879,
Senegal,2011,-6.15344796935207,
Senegal,2010,-5.1899339665835,
Senegal,2009,-4.96684328263649,
Serbia,2012,-6.08947120455886,
Serbia,2011,-4.16813693729055,
Serbia,2010,-3.76287689705779,
Serbia,2009,-2.62713715239861,
Serbia,2008,-1.67613801205991,
Serbia,2007,-0.900718009723381,
Seychelles,2012,4.77918224917599,
Seychelles,2011,5.52335453950883,
Seychelles,2010,1.42208605843069,
Seychelles,2009,3.85640033099341,
Seychelles,2008,6.96853320172963,
Seychelles,2007,-5.3061125215729,
Seychelles,2006,2.16975002707954,
Seychelles,2005,2.43868524594893,
Seychelles,2004,2.46086680220497,
Seychelles,2003,10.5948101697584,
Seychelles,2002,-14.3731686898284,
Seychelles,2001,-8.79310817855085,
Seychelles,2000,-13.8929211852105,
Seychelles,1999,-11.1588498632936,
Seychelles,1998,-14.9626714147378,
Seychelles,1997,-13.8570822731128,
Seychelles,1996,-13.2429405647548,
Seychelles,1995,-4.30973926697244,
Seychelles,1994,-1.50443197527852,
Seychelles,1993,-4.87050008144649,
Sierra Leone,2012,-5.19000553341331,
Sierra Leone,2011,-4.55750667489223,
Sierra Leone,2010,-5.10475444700766,
Sierra Leone,2009,-2.42887436584736,
Sierra Leone,2008,-3.46203696200218,
Sierra Leone,2007,-0.755240050417766,
Sierra Leone,2006,-1.34892503788225,
Sierra Leone,2005,-1.2673295026944,
Sierra Leone,2004,-1.85584095790458,
Sierra Leone,2003,-4.06827072516744,
Sierra Leone,2002,-6.23851060584503,
Sierra Leone,2001,-6.85087256768311,
Sierra Leone,2000,-9.32595612873319,
Sierra Leone,1999,-9.47213309216903,
Singapore,2012,8.60668032815163,
Singapore,2011,9.20721170711426,
Singapore,2010,7.57126092447259,
Singapore,2009,1.57984477842334,
Singapore,2008,7.68584795080822,
Singapore,2007,11.1742017874299,
Singapore,2006,6.1800838886878,
Singapore,2005,6.38833614681668,
Singapore,2004,3.8932339904094,
Singapore,2003,2.93794283644919,
Singapore,2002,4.58665163497032,
Singapore,2001,5.51964349229031,
Singapore,2000,11.0635845917235,
Singapore,1999,12.1388117188456,
Singapore,1998,10.8700274609019,
Singapore,1997,20.2281414840291,
Singapore,1996,16.3430548086395,
Singapore,1995,19.0125972002476,
Singapore,1994,20.3375331223677,
Singapore,1993,17.5865781537818,
Singapore,1992,12.6631890662737,
Singapore,1991,9.25186902265995,
Singapore,1990,10.5138049535296,
Slovak Republic,2012,-4.52690934806129,
Slovak Republic,2011,-4.82117691681619,
Slovak Republic,2010,-6.64329487694869,
Slovak Republic,2009,-7.23743908047004,
Slovak Republic,2008,-1.98944414209351,
Slovak Republic,2007,-1.67670787567202,
Slovak Republic,2006,-3.02142279484009,
Slovak Republic,2005,-2.53903030781857,
Slovak Republic,2004,-2.93908571295476,
Slovak Republic,2003,-3.11574403975275,
Slovenia,2012,-3.5442333112048,
Slovenia,2011,-5.81665211972312,
Slovenia,2010,-5.38748399261091,
Slovenia,2009,-5.31611568337232,
Slovenia,2008,-0.185776133928832,
Slovenia,2007,0.14719132121749,
Slovenia,2006,-0.716019157824595,
Slovenia,2005,-1.46166043206761,
Slovenia,2004,-1.20069447916463,
Slovenia,2003,-1.285102578238,
Slovenia,2002,-2.54259942930184,
Slovenia,2001,-1.06940735293361,
Slovenia,2000,-1.07976336613757,
Slovenia,1999,-0.627985316110767,
Slovenia,1998,-0.808063321395963,
Slovenia,1997,-1.22527191234276,
Slovenia,1996,0.147904137354641,
Slovenia,1995,-0.142776678680271,
Small states,2010,-4.43331887917656,
Small states,2009,-5.29455542864853,
Small states,2008,-0.318347157320073,
Small states,2007,1.28031368782812,
Small states,2006,2.19600117817842,
South Africa,2012,-4.47370924798867,
South Africa,2011,-4.22399011504611,
South Africa,2010,-3.96416705227479,
South Africa,2009,-4.91654252409421,
South Africa,2008,-0.649412845344748,
South Africa,2007,1.02863190235111,
South Africa,2006,0.874523833665028,
South Africa,2005,-0.181362946779903,
South Africa,2004,-1.88267304779635,
South Africa,2003,-2.54577691717746,
South Africa,2002,-1.55611231086701,
South Africa,2001,-0.893759810308556,
South Africa,2000,-1.91062558492124,
South Asia,2012,-4.2996143464562,
South Asia,2011,-3.28521851762272,
South Asia,2010,-3.47046326308731,
South Asia,2009,-5.1283877483781,
South Asia,2008,-4.88593122338406,
South Asia,2007,-1.03354848749315,
South Asia,2006,-2.46512791092296,
South Asia,2005,-3.11169856841024,
South Asia,2004,-2.97522039183675,
South Asia,2003,-3.19194034375425,
South Asia,2002,-4.16930505075139,
South Asia,2001,-4.09593282469584,
South Asia,2000,-3.89858695988172,
South Asia,1999,-3.55911592388842,
South Asia,1998,-3.61283122757379,
South Asia,1997,-3.29237713641238,
South Asia,1996,-2.65728286593242,
South Asia,1995,-2.6453217978985,
South Asia,1994,-2.82105561297352,
South Asia,1993,-4.20022497421141,
South Asia,1992,-2.75433842513865,
South Asia,1991,-2.7110880793952,
South Asia,1990,-3.2787101384378,
Spain,2012,-8.81280339058226,
Spain,2011,-3.47785000562714,
Spain,2010,-5.07256365683455,
Spain,2009,-8.23560703369866,
Spain,2008,-2.20120461527297,
Spain,2007,2.46204919102115,
Spain,2006,2.2867653332328,
Spain,2005,1.59741490662672,
Spain,2004,-0.00441132084233011,
Spain,2003,0.391052830714698,
Spain,2002,0.264918162308752,
Spain,2001,0.118365526469276,
Spain,2000,-0.533075435203095,
Spain,1999,-1.11422206368329,
Spain,1998,-2.59059782471365,
Spain,1997,-3.61780449339734,
Spain,1996,-4.72917588812931,
Spain,1995,-6.36439041488058,
Sri Lanka,2012,-6.11696825647254,
Sri Lanka,2011,-6.4065619358267,
Sri Lanka,2010,-7.22242132616151,
Sri Lanka,2009,-8.92080376514929,
Sri Lanka,2008,-6.5685306716739,
Sri Lanka,2007,-6.52082550923691,
Sri Lanka,2006,-6.88305633821988,
Sri Lanka,2005,-6.97640475182874,
Sri Lanka,2004,-7.33346055486764,
Sri Lanka,2003,-6.86212323069596,
Sri Lanka,2002,-7.36658156264192,
Sri Lanka,2001,-9.34121287542167,
Sri Lanka,2000,-8.39837799404266,
Sri Lanka,1999,-5.87225262305102,
Sri Lanka,1998,-7.03113795278128,
Sri Lanka,1997,-6.3314286741258,
Sri Lanka,1996,-7.65080819863356,
Sri Lanka,1995,-7.57668785154214,
Sri Lanka,1994,-6.76603048953174,
Sri Lanka,1993,-5.64651246584529,
Sri Lanka,1992,-4.82643322211328,
Sri Lanka,1991,-6.64168983066779,
Sri Lanka,1990,-5.17085995574671,
St. Kitts and Nevis,2012,11.248954234366,
St. Kitts and Nevis,2011,2.46726837831333,
St. Kitts and Nevis,2010,-3.95264316297031,
St. Kitts and Nevis,2009,-0.564261406635766,
St. Kitts and Nevis,2008,0.534386538621602,
St. Kitts and Nevis,2007,-1.07189172377783,
St. Kitts and Nevis,2006,-1.46151865063748,
St. Kitts and Nevis,2005,-3.31387985849051,
St. Kitts and Nevis,2004,-5.48367409711897,
St. Kitts and Nevis,2003,-5.27208561867045,
St. Kitts and Nevis,2002,-8.134589756061,
St. Kitts and Nevis,2001,-8.81628102213788,
St. Kitts and Nevis,2000,-11.1728974102971,
St. Kitts and Nevis,1994,-1.67529647569734,
St. Kitts and Nevis,1993,-2.54518496940363,
St. Kitts and Nevis,1992,-2.06965952471165,
St. Kitts and Nevis,1991,-3.22267756795866,
St. Kitts and Nevis,1990,-1.47031111504021,
St. Lucia,2012,-6.50801755635114,
St. Lucia,2011,-4.64423494486658,
St. Lucia,2010,-0.607214602439634,
St. Lucia,2009,-2.04920541981152,
St. Lucia,2008,0.0411040796083578,
St. Lucia,2007,0.453457759551367,
St. Lucia,2006,-2.94295243979146,
St. Lucia,2005,-5.27367962325023,
St. Lucia,2004,-4.20056580449914,
St. Lucia,2003,-5.96573398222257,
St. Lucia,2002,-2.23630082299365,
St. Lucia,2001,-3.14843970747987,
St. Lucia,2000,-1.04817949955358,
St. Vincent and the Grenadines,2012,-2.05332906240888,
St. Vincent and the Grenadines,2011,-2.69145666010797,
St. Vincent and the Grenadines,2010,-2.85916057654593,
St. Vincent and the Grenadines,2009,-1.70115558401302,
St. Vincent and the Grenadines,2008,-0.607139351635886,
St. Vincent and the Grenadines,2007,-2.47978756558713,
St. Vincent and the Grenadines,2006,-3.43217221209078,
St. Vincent and the Grenadines,2005,-4.96984668258363,
St. Vincent and the Grenadines,2004,-1.38363344697576,
St. Vincent and the Grenadines,2003,-2.31382367433662,
St. Vincent and the Grenadines,2002,-1.41129079141579,
St. Vincent and the Grenadines,2001,-1.32632151359811,
St. Vincent and the Grenadines,2000,-0.383211342831429,
Sub-Saharan Africa (all income levels),2012,-2.92321165922056,
Sub-Saharan Africa (all income levels),2011,-2.67075671551645,
Sub-Saharan Africa (all income levels),2010,-3.18162509165213,
Sub-Saharan Africa (all income levels),2009,-4.09812348887585,
Sub-Saharan Africa (all income levels),2008,-0.144712962443856,
Sub-Saharan Africa (all income levels),2007,1.04029497073506,
Sub-Saharan Africa (all income levels),2006,2.14309202865348,
Sub-Saharan Africa (all income levels),2005,-0.59670751789872,
Sub-Saharan Africa (all income levels),2004,-1.08607507608338,
Sub-Saharan Africa (all income levels),2003,-2.88864517839761,
Sub-Saharan Africa (developing only),2012,-2.9381919059383,
Sub-Saharan Africa (developing only),2011,-2.68538748818832,
Sub-Saharan Africa (developing only),2010,-3.18973161142422,
Sub-Saharan Africa (developing only),2009,-4.0714170853106,
Sub-Saharan Africa (developing only),2008,-0.286233673345214,
Sub-Saharan Africa (developing only),2007,0.909435316268425,
Sub-Saharan Africa (developing only),2006,2.14304200730804,
Sub-Saharan Africa (developing only),2005,-0.602521897335324,
Sub-Saharan Africa (developing only),2004,-1.09294023105326,
Sub-Saharan Africa (developing only),2003,-2.91486014706232,
Sudan,1999,-0.387804575836743,
Sudan,1998,-0.397775034323258,
Suriname,2012,-1.16165698482742,
Suriname,2011,-0.786340907090971,
Suriname,2010,-2.07694990202618,
Suriname,2009,0.80051488426396,
Suriname,2008,1.49385769808208,
Suriname,2007,4.35258982781293,
Suriname,2006,-0.449496278517901,
Suriname,2005,-0.705534458673467,
Suriname,2004,-1.53634247490271,
Suriname,2003,1.01980736642268,
Suriname,2002,-4.2747224518545,
Suriname,2001,1.09826912517276,
Sweden,2012,-0.345066217976552,
Sweden,2011,0.334657249115771,
Sweden,2010,-0.186023044357462,
Sweden,2009,-0.655433815142364,
Sweden,2008,2.15819522912836,
Sweden,2007,3.24568637507495,
Sweden,2006,1.98120023323043,
Sweden,2005,1.44770911812536,
Sweden,2004,0.363870999941179,
Sweden,2003,-0.866646796984888,
Sweden,2002,-0.84202506268785,
Sweden,2001,1.73360558162808,
Sweden,2000,3.35516758403568,
Sweden,1999,1.06838962684786,
Sweden,1998,1.00978907958701,
Sweden,1997,-1.10897006380057,
Sweden,1996,-2.85446616891603,
Sweden,1995,-6.70065546023969,
Switzerland,2011,0.559653461294127,
Switzerland,2010,0.014401446752818,
Switzerland,2009,0.232113730409821,
Switzerland,2008,1.17311289352264,
Switzerland,2007,0.445606461454005,
Switzerland,2006,0.338580385517951,
Switzerland,2005,-0.503713285068255,
Switzerland,2004,-0.977931512083617,
Switzerland,2003,-0.775268421497208,
Switzerland,2002,-0.166868819939498,
Syrian Arab Republic,2007,-3.05779586545123,
Syrian Arab Republic,2006,-3.4507837358319,
Syrian Arab Republic,2005,-4.98606646938009,
Syrian Arab Republic,2004,-4.94754872167276,
Syrian Arab Republic,2003,-3.04534786619908,
Syrian Arab Republic,2002,-2.01542280823241,
Syrian Arab Republic,2001,1.68325070036976,
Syrian Arab Republic,2000,-1.10203878257968,
Syrian Arab Republic,1999,-1.12539250780132,
Syrian Arab Republic,1998,-2.26897794380776,
Tajikistan,2004,-6.6135039715036,
Tajikistan,2003,-4.57585444803369,
Tajikistan,2001,-0.151259135022039,
Tajikistan,2000,-0.807047132877864,
Tajikistan,1999,-1.96281939017341,
Tajikistan,1998,-3.25377122990615,
Tanzania,2012,-5.25290426519071,
Tanzania,2011,-0.888531113773345,
Tanzania,2010,-1.85165256473803,
Tanzania,2009,0.0282676249270601,
Thailand,2012,-2.15049234876383,
Thailand,2011,-1.13813103048747,
Thailand,2010,-0.622744846247153,
Thailand,2009,-3.04533326195915,
Thailand,2008,0.497771810389467,
Thailand,2007,0.131613469595598,
Thailand,2006,1.90609078681708,
Thailand,2005,2.49518171069323,
Thailand,2004,1.12855690131607,
Thailand,2003,1.47878817077911,
Togo,2012,-6.12458175782858,
Togo,2011,-1.08331358542943,
Togo,2010,0.578614004697462,
Togo,2009,-0.553245414635456,
Togo,2008,0.269453076256071,
Togo,2007,-0.822974493412611,
Togo,2006,-3.52685148770634,
Togo,2005,-5.73728392457477,
Togo,2004,-0.335593030328652,
Trinidad and Tobago,2010,-1.59407917803625,
Trinidad and Tobago,2009,-4.95510426200312,
Trinidad and Tobago,2008,2.15132896335724,
Trinidad and Tobago,2007,0.663804370842552,
Trinidad and Tobago,2006,1.84577968279704,
Trinidad and Tobago,2005,5.74045013011263,
Trinidad and Tobago,2004,1.98420912558772,
Trinidad and Tobago,2003,2.25571358785384,
Trinidad and Tobago,2002,-0.058624977793569,
Trinidad and Tobago,2001,1.96935546619352,
Trinidad and Tobago,1995,-0.0599423906933469,
Trinidad and Tobago,1994,0.389605502594339,
Trinidad and Tobago,1993,-0.243346691531345,
Tunisia,2012,-5.03918865750897,
Tunisia,2011,-3.83539239692315,
Tunisia,2010,-1.36221250043245,
Tunisia,2009,-1.47313096057753,
Tunisia,2008,-0.613557984938789,
Tunisia,2007,-1.99110251761044,
Tunisia,2006,-2.44111919961012,
Tunisia,2005,-2.81077595471806,
Tunisia,2004,-2.52635264916861,
Tunisia,2003,-2.16066920530457,
Tunisia,2002,-2.1400305154188,
Tunisia,2001,-2.12180870332163,
Tunisia,2000,-2.40170147418061,
Tunisia,1999,-2.21342014565069,
Tunisia,1998,0.0269862048132112,
Tunisia,1997,-2.47827261870516,
Tunisia,1996,-2.60092414364612,
Tunisia,1995,-2.44959476418912,
Tunisia,1994,-0.500196031314422,
Tunisia,1993,-2.42242378776512,
Tunisia,1992,-2.18228779057042,
Tunisia,1991,-4.68375897845172,
Tunisia,1990,-3.20182697375112,
Turkey,2012,-0.565615934464786,
Turkey,2011,-1.05214086119411,
Turkey,2010,-3.23193590898147,
Turkey,2009,-5.82005882309744,
Turkey,2008,-1.60100133629598,
Uganda,2012,-2.12113338805365,
Uganda,2011,-3.22185817910241,
Uganda,2010,-3.35229968911759,
Uganda,2009,-0.804402682495155,
Uganda,2008,-1.35790204972593,
Uganda,2007,-2.36463321316992,
Uganda,2006,-1.53257816505895,
Uganda,2005,-0.770523094434868,
Uganda,2004,-1.2876049115668,
Uganda,2003,-3.5673022820951,
Uganda,2002,-3.51306456183202,
Uganda,2001,-0.948545211477654,
Uganda,2000,-1.87276659940953,
Uganda,1999,-1.18422084577821,
Ukraine,2012,-4.06669471597935,
Ukraine,2011,-2.32192361331732,
Ukraine,2010,-6.52241104262176,
Ukraine,2009,-5.60538460275142,
Ukraine,2008,-1.46694657277629,
Ukraine,2007,-0.890082430199339,
Ukraine,2006,-1.03344096237639,
Ukraine,2005,-1.3635231010393,
Ukraine,2004,-3.1921094958289,
Ukraine,2003,-0.188947009384914,
Ukraine,2002,0.321931909127142,
Ukraine,2001,-0.79323179391743,
Ukraine,2000,-0.595284294702181,
Ukraine,1999,-2.09119758140942,
United Arab Emirates,2013,0.221320542047382,
United Arab Emirates,2012,-0.192059940985413,
United Arab Emirates,2011,0.0763219032267939,
United Kingdom,2012,-5.46229756962735,
United Kingdom,2011,-7.20230305555435,
United Kingdom,2010,-9.47108026681811,
United Kingdom,2009,-10.3772642874107,
United Kingdom,2008,-4.47271470196059,
United Kingdom,2007,-2.56888118215531,
United Kingdom,2006,-2.60186104695646,
United Kingdom,2005,-2.89388388886376,
United Kingdom,2004,-3.05690528373769,
United Kingdom,2003,-3.35364650049348,
United Kingdom,2002,-1.89254823120185,
United Kingdom,2001,0.723267894361278,
United Kingdom,2000,3.7136838649669,
United Kingdom,1999,1.07724699853405,
United Kingdom,1998,0.158454403472783,
United Kingdom,1997,-1.92255171942921,
United Kingdom,1996,-3.86276308346558,
United Kingdom,1995,-5.18391936437631,
United States,2013,-4.9152993493043,
United States,2012,-7.55916634608163,
United States,2011,-9.06564446821051,
United States,2010,-10.1300609206988,
United States,2009,-10.2866138294063,
United States,2008,-5.35445602028782,
United States,2007,-2.49419190358094,
United States,2006,-2.16514452195341,
United States,2005,-3.07704621281979,
United States,2004,-3.87619381555639,
United States,2003,-4.12573725074214,
United States,2002,-2.87496786613071,
United States,2001,-0.0480143523372257,
Uruguay,2012,-2.01435326017383,
Uruguay,2011,-0.564215267920916,
Uruguay,2010,-0.897817249848267,
Uruguay,2009,-1.47458818074022,
Uruguay,2008,-0.911777249734012,
Uruguay,2007,-1.53560203080715,
Uruguay,2006,-0.90891813002415,
Uruguay,2005,-1.52334878512065,
Uruguay,2004,-2.42402593347618,
Uruguay,2003,-4.24315861111615,
Uruguay,2002,-4.39616958467079,
Uruguay,2001,-3.99714210668745,
Uruguay,2000,-3.01355484858149,
Uruguay,1999,-3.26590765254487,
Uruguay,1998,-0.75572084778275,
Uruguay,1997,-0.971198636445319,
Uruguay,1996,-1.45463834150538,
Uruguay,1995,-1.19734709997921,
Uruguay,1994,-2.61855020904381,
Uruguay,1993,-0.514166626722911,
Uruguay,1992,0.657185752449063,
Uruguay,1991,0.9641628624987,
Uruguay,1990,0.542538364129129,
Vanuatu,2011,-2.32697924456422,
Vanuatu,2010,-2.50412298268347,
Vanuatu,2009,-0.821406633906634,
Vanuatu,1999,-0.132978723404255,
Vanuatu,1998,-0.254125807223152,
Vanuatu,1997,-0.735244519392917,
Vanuatu,1996,-0.711912672045562,
Vanuatu,1995,1.49487091484575,
Vanuatu,1990,5.13590766907561,
Venezuela, RB,2005,2.17879136148864,
Venezuela, RB,2004,-1.30461218014558,
Venezuela, RB,2003,-4.122183310521,
Venezuela, RB,2002,-3.23129241102986,
Venezuela, RB,2001,-3.99937957580272,
Venezuela, RB,2000,-1.23875265561688,
Venezuela, RB,1999,-1.5471230743825,
Venezuela, RB,1998,-3.71294108585879,
Venezuela, RB,1997,3.21067198790096,
Venezuela, RB,1996,2.82108432410471,
Venezuela, RB,1995,-2.25677929120303,
Venezuela, RB,1994,-1.08668871174928,
Venezuela, RB,1993,-1.28279927590524,
Venezuela, RB,1992,-1.8909767417111,
Venezuela, RB,1991,3.78968816997206,
Venezuela, RB,1990,3.03765801354178,
West Bank and Gaza,2008,2.0527764973106,
West Bank and Gaza,2007,-0.291663230785425,
World,2012,-4.94410389634191,
World,2011,-5.30917324828011,
World,2010,-6.31799854849751,
World,2009,-6.68699587312955,
World,2008,-2.56229097758928,
World,2007,-0.945779965867035,
World,2006,-0.870734885916216,
World,2005,-1.92419448369108,
World,2004,-2.22814326932784,
World,2003,-2.67400309358013,
World,2002,-1.80647218560376,
World,2001,-0.375422074075303,
Yemen, Rep.,1999,-2.2746430873626,
Yemen, Rep.,1998,-0.427305657987857,
Yemen, Rep.,1997,0.381704426187977,
Yemen, Rep.,1996,0.294606609165569,
Yemen, Rep.,1995,-3.83249847564505,
Yemen, Rep.,1994,-12.9667710704458,
Yemen, Rep.,1993,-10.4673656146695,
Yemen, Rep.,1992,-10.1705209279899,
Yemen, Rep.,1991,-3.28446846683169,
Yemen, Rep.,1990,-6.66067397504697,
Zambia,2011,4.08609134534858,
Zambia,2010,-1.19470461501753,
Zambia,2009,0.176793240406709,
Zambia,2008,-1.10612948060825,
Zambia,2007,-0.680246629684846,
Zambia,2006,1.8372979325538,
Zambia,2005,-4.00856618053735,
Zambia,2004,1.72939119966869,
Zambia,2003,0.940084213190671,
Zambia,2002,-1.48779108693794,
Zambia,2001,1.62706894408861,
Zambia,1999,-0.364106167946184,
Zambia,1998,-2.83566518724286,
Zimbabwe,1997,-5.15852683487792,
Zimbabwe,1996,-6.87348070068836,
Zimbabwe,1995,-5.37502823028304,
Zimbabwe,1994,-1.49521896867104,
Zimbabwe,1993,-1.50278946541045,
Zimbabwe,1992,-7.50930482570538,
Zimbabwe,1991,-4.63626251444189,
Zimbabwe,1990,-2.62957107985371,

